ID,turnover,gender,age,sector,profile,group,searching,head_gender,way
1,1,f,35,HoReCa,HR,small,intermitent,f,bus
2,1,f,35,HoReCa,HR,small,intermitent,f,bus
3,0,f,35,HoReCa,HR,very large,no,f,bus
4,1,f,39,HoReCa,HR,very large,no,m,foot
5,0,f,26,HoReCa,HR,very large,intermitent,f,car
6,0,f,31,HoReCa,HR,large,no,f,car
7,0,f,28,Agriculture,HR,small,no,m,bus
8,1,m,40,Agriculture,Sales,small,no,m,bus
9,1,m,38,Agriculture,HR,small,no,f,bus
10,0,m,38,Agriculture,HR,very large,no,f,car
11,0,f,28,Agriculture,HR,small,no,f,bus
12,1,f,26,Agriculture,HR,medium,no,f,car
13,1,f,27,Agriculture,Marketing,small,yes,m,bus
14,1,f,26,Agriculture,Law,large,no,m,bus
15,1,f,23,Agriculture,Consult,large,intermitent,m,bus
16,1,f,23,Agriculture,Consult,large,intermitent,m,bus
17,1,f,23,Agriculture,Consult,large,yes,m,bus
18,1,f,23,Agriculture,Consult,large,yes,m,bus
19,0,m,41,Agriculture,etc,very large,no,f,car
20,0,f,41,Agriculture,HR,small,no,m,car
21,1,f,29,Banks,HR,very large,intermitent,f,bus
22,0,f,26,Banks,Sales,indiv,intermitent,f,foot
23,0,f,26,Banks,Sales,indiv,intermitent,f,foot
24,0,f,26,Banks,Sales,indiv,intermitent,f,foot
25,0,f,26,Banks,Sales,indiv,intermitent,f,foot
26,0,m,31,Banks,IT,large,no,m,car
27,0,f,26,Banks,Sales,indiv,intermitent,f,foot
28,0,f,26,Banks,Sales,indiv,intermitent,f,foot
29,0,f,26,Banks,Sales,indiv,intermitent,f,foot
30,0,f,26,Banks,Sales,indiv,intermitent,f,foot
31,1,f,33,Banks,HR,large,no,f,car
32,0,f,26,Banks,Sales,indiv,no,f,foot
33,0,f,26,Banks,Sales,indiv,no,f,foot
34,1,f,41,Banks,HR,large,no,m,bus
35,1,m,39,Banks,BusinessDevelopment,very large,no,f,bus
36,0,f,25,Banks,HR,very large,yes,m,car
37,1,f,40,Banks,HR,small,no,f,bus
38,1,f,40,Banks,HR,small,no,f,bus
39,1,f,40,Banks,HR,small,no,f,bus
40,1,f,30,Banks,HR,very large,no,m,bus
41,1,f,26,Banks,HR,very large,no,f,bus
42,1,f,26,Banks,HR,very large,no,f,bus
43,1,f,25,Banks,HR,very large,intermitent,f,bus
44,1,f,23,Banks,HR,large,yes,f,bus
45,1,f,23,Banks,HR,large,yes,f,bus
46,0,f,44,Banks,HR,medium,no,f,car
47,0,m,28,Banks,IT,large,yes,m,bus
48,0,f,27,Banks,HR,very large,no,f,bus
49,1,m,35,Banks,HR,medium,no,f,bus
50,1,f,34,Banks,BusinessDevelopment,medium,intermitent,m,car
51,1,f,34,Banks,BusinessDevelopment,medium,intermitent,m,car
52,0,f,42,Banks,HR,large,no,f,bus
53,1,f,29,Banks,HR,small,no,f,bus
54,0,f,24,Banks,HR,very large,yes,f,bus
55,0,f,23,Banks,HR,small,intermitent,f,bus
56,0,f,41,Banks,HR,large,intermitent,m,bus
57,0,f,41,Banks,HR,large,intermitent,m,bus
58,1,f,26,Banks,HR,very large,no,f,bus
59,1,f,26,Banks,HR,very large,no,f,bus
60,1,f,24,Banks,HR,large,no,f,foot
61,1,f,24,Banks,HR,large,no,f,foot
62,1,m,29,Banks,HR,medium,no,f,car
63,1,f,36,Banks,Finance,medium,no,m,car
64,1,f,25,Banks,HR,small,intermitent,m,bus
65,1,f,36,Banks,HR,large,yes,f,bus
66,1,f,30,Banks,HR,medium,no,m,bus
67,0,f,32,Banks,HR,large,no,m,bus
68,0,f,29,Banks,HR,small,intermitent,f,bus
69,1,f,40,Banks,Sales,indiv,intermitent,f,car
70,1,f,25,Banks,HR,small,no,m,bus
71,1,f,25,Banks,HR,small,no,m,bus
72,1,f,41,Banks,HR,small,no,m,bus
73,1,f,41,Banks,HR,small,no,m,bus
74,1,f,41,Banks,HR,small,no,m,bus
75,1,m,39,Banks,Finance,large,intermitent,m,bus
76,0,m,30,Banks,Marketing,very large,no,m,bus
77,1,f,40,Banks,HR,small,yes,f,bus
78,1,m,33,Banks,etc,very large,no,m,car
79,1,m,23,Banks,HR,large,yes,m,bus
80,1,f,29,Banks,Finance,medium,no,f,car
81,1,m,33,Banks,HR,small,no,m,bus
82,1,f,30,Banks,HR,large,no,f,car
83,0,f,34,Banks,HR,very large,no,f,bus
84,1,m,34,Banks,BusinessDevelopment,very large,no,m,bus
85,1,m,34,Banks,BusinessDevelopment,very large,no,m,bus
86,1,f,30,Banks,HR,very large,no,f,bus
87,1,f,28,Banks,HR,very large,no,f,foot
88,1,f,34,Banks,HR,very large,no,f,bus
89,0,f,26,Banks,IT,very large,intermitent,m,car
90,1,f,,Banks,HR,small,no,f,bus
91,1,f,29,Banks,HR,small,no,f,bus
92,1,f,22,Banks,HR,very large,yes,f,bus
93,1,f,32,Banks,HR,very large,no,m,bus
94,0,f,25,Banks,HR,very large,yes,f,bus
95,1,m,38,Banks,BusinessDevelopment,large,no,m,car
96,1,m,21,Banks,HR,large,yes,f,foot
97,1,m,21,Banks,HR,large,yes,f,foot
98,0,f,,Banks,HR,small,intermitent,f,bus
99,1,f,23,Banks,IT,very large,intermitent,m,bus
100,1,m,29,Banks,Marketing,medium,no,f,bus
101,1,f,18,Banks,HR,large,intermitent,f,bus
102,0,f,26,Banks,HR,very large,no,f,car
103,0,f,26,Banks,HR,very large,no,f,car
104,0,f,24,Banks,HR,very large,intermitent,f,bus
105,1,m,23,Banks,HR,large,intermitent,f,bus
106,0,f,33,Banks,HR,small,no,f,bus
107,1,f,33,Banks,HR,small,no,f,bus
108,0,f,21,Banks,HR,very large,intermitent,f,bus
109,0,f,28,Building,HR,small,intermitent,m,bus
110,1,f,23,Building,HR,medium,no,f,bus
111,1,f,38,Building,HR,medium,no,m,car
112,1,f,38,Building,HR,medium,no,m,car
113,1,f,39,Building,HR,medium,no,m,bus
114,1,f,38,Building,HR,small,yes,f,bus
115,1,m,26,Building,Engineer,small,intermitent,m,bus
116,1,f,32,Building,HR,large,intermitent,m,car
117,1,f,34,Building,Marketing,large,no,m,car
118,1,m,25,Building,HR,very large,yes,f,bus
119,1,m,33,Building,Sales,medium,no,m,car
120,1,f,23,Building,HR,small,no,f,bus
121,1,f,23,Building,HR,small,no,f,bus
122,0,f,50,Building,HR,large,no,m,bus
123,1,f,28,Building,HR,very large,no,m,car
124,0,f,37,Building,HR,large,no,m,bus
125,1,f,46,Building,HR,small,no,m,car
126,1,f,40,Building,HR,large,intermitent,m,car
127,0,f,43,Building,HR,medium,no,m,bus
128,1,f,27,Building,HR,large,no,f,bus
129,1,m,22,Building,Consult,small,yes,m,bus
130,1,f,23,Building,Marketing,large,intermitent,f,bus
131,1,f,27,Building,HR,large,no,f,bus
132,0,f,27,Building,HR,small,no,m,bus
133,1,m,31,Building,Engineer,very large,no,m,bus
134,1,f,24,Building,etc,small,no,m,bus
135,1,f,28,Building,BusinessDevelopment,large,no,m,foot
136,1,f,48,Building,HR,large,no,m,bus
137,0,f,38,Building,HR,large,no,m,car
138,1,f,34,Building,HR,very large,intermitent,f,bus
139,1,f,24,Consult,Consult,very large,no,f,bus
140,1,f,41,Consult,HR,very large,no,f,bus
141,1,f,41,Consult,HR,very large,no,f,bus
142,1,f,24,Consult,HR,very large,no,f,bus
143,1,f,30,Consult,Marketing,very large,yes,m,bus
144,0,m,24,Consult,HR,very large,intermitent,m,bus
145,0,m,23,Consult,HR,small,intermitent,m,bus
146,0,m,40,Consult,IT,small,no,m,foot
147,0,f,21,Consult,HR,small,yes,f,bus
148,1,f,26,Consult,HR,very large,no,f,bus
149,1,f,21,Consult,HR,very large,intermitent,m,bus
150,0,f,23,Consult,etc,very large,intermitent,m,foot
151,1,f,23,Consult,Marketing,very large,yes,f,bus
152,1,f,24,Consult,HR,very large,no,f,bus
153,1,f,24,Consult,HR,very large,no,f,bus
154,1,f,25,Consult,HR,very large,intermitent,f,bus
155,1,f,25,Consult,HR,very large,intermitent,f,bus
156,1,f,37,Consult,Finance,small,no,m,bus
157,1,f,28,Consult,HR,very large,intermitent,m,bus
158,1,f,,Consult,HR,very large,no,m,bus
159,1,m,41,Consult,HR,very large,no,m,bus
160,0,f,22,Consult,manage,very large,intermitent,m,bus
161,0,f,38,Consult,HR,very large,intermitent,f,bus
162,1,f,35,Consult,Consult,medium,no,f,bus
163,1,f,26,Consult,HR,small,intermitent,m,bus
164,1,f,29,Consult,HR,indiv,intermitent,f,foot
165,1,f,24,Consult,HR,medium,no,f,bus
166,1,f,24,Consult,HR,very large,no,f,bus
167,0,m,43,Consult,IT,large,no,m,foot
168,1,f,25,Consult,HR,small,intermitent,f,bus
169,0,f,43,Consult,Consult,small,yes,m,foot
170,0,f,31,Consult,HR,very large,intermitent,m,bus
171,0,m,27,Consult,HR,very large,intermitent,m,bus
172,1,f,22,Consult,HR,medium,intermitent,f,foot
173,0,f,26,Consult,HR,small,no,m,bus
174,1,f,24,Consult,Consult,large,intermitent,f,bus
175,1,m,52,Consult,Consult,large,no,m,foot
176,1,f,32,Consult,HR,small,no,f,car
177,0,f,31,Consult,HR,medium,no,m,car
178,1,f,22,Consult,HR,small,yes,m,bus
179,1,f,27,Consult,Sales,large,intermitent,m,bus
180,0,m,23,Consult,Marketing,indiv,intermitent,m,foot
181,1,f,26,Consult,HR,very large,intermitent,f,bus
182,0,f,22,Consult,HR,very large,intermitent,f,bus
183,0,f,31,Consult,Marketing,large,no,m,foot
184,0,f,25,Consult,HR,small,no,f,bus
185,1,m,26,Consult,Consult,large,no,f,bus
186,1,f,21,Consult,HR,small,yes,f,bus
187,0,f,22,Consult,HR,very large,intermitent,f,foot
188,0,f,22,Consult,HR,very large,intermitent,f,foot
189,1,m,29,Consult,HR,small,intermitent,m,bus
190,1,m,24,Consult,HR,small,no,f,foot
191,1,f,23,Consult,HR,small,yes,f,bus
192,1,f,23,Consult,HR,small,yes,f,bus
193,0,m,33,Consult,Consult,very large,yes,m,bus
194,1,f,26,Consult,BusinessDevelopment,small,intermitent,m,bus
195,1,f,42,Consult,HR,small,no,m,bus
196,1,f,42,Consult,HR,small,no,m,bus
197,0,f,51,Consult,HR,small,no,m,bus
198,1,m,29,Consult,HR,small,no,m,car
199,1,m,42,Consult,Consult,very large,intermitent,m,bus
200,1,m,42,Consult,Consult,very large,intermitent,m,bus
201,0,f,51,Consult,HR,small,no,m,bus
202,0,f,43,etc,HR,very large,no,m,bus
203,1,m,26,etc,HR,very large,yes,f,bus
204,1,f,44,etc,HR,very large,no,m,bus
205,1,f,37,etc,Marketing,very large,no,f,bus
206,0,f,32,etc,Marketing,large,intermitent,m,foot
207,1,f,23,etc,HR,large,yes,m,bus
208,1,f,32,etc,Marketing,very large,no,m,bus
209,0,f,28,etc,HR,very large,no,m,bus
210,1,m,23,etc,Marketing,small,intermitent,m,bus
211,1,f,34,etc,HR,small,no,m,car
212,0,f,45,etc,HR,small,no,f,car
213,0,f,39,etc,HR,very large,no,m,bus
214,1,f,22,etc,HR,very large,yes,f,car
215,0,f,35,etc,HR,large,no,f,bus
216,0,f,46,etc,HR,small,no,f,bus
217,0,f,54,etc,HR,medium,no,m,car
218,0,f,34,etc,etc,small,intermitent,f,car
219,1,f,31,etc,HR,large,no,m,bus
220,1,f,24,etc,HR,small,intermitent,f,bus
221,1,m,34,etc,HR,small,no,m,bus
222,1,f,21,etc,HR,small,no,f,bus
223,1,m,26,etc,Commercial,large,no,m,car
224,1,m,42,etc,Marketing,small,no,f,bus
225,1,f,,etc,HR,very large,no,f,bus
226,1,f,,etc,HR,very large,no,f,bus
227,1,f,23,etc,HR,small,intermitent,f,bus
228,0,m,30,etc,Commercial,large,no,m,car
229,0,m,30,etc,Commercial,large,no,m,car
230,0,f,39,etc,manage,medium,no,f,bus
231,1,f,26,etc,Engineer,small,no,m,bus
232,0,f,31,etc,HR,large,no,f,bus
233,1,f,21,etc,etc,large,intermitent,f,bus
234,1,m,35,etc,Sales,very large,no,m,car
235,1,f,32,etc,HR,small,intermitent,m,bus
236,1,m,36,etc,manage,medium,intermitent,m,car
237,1,m,36,etc,manage,medium,intermitent,m,car
238,0,f,31,etc,HR,small,intermitent,f,bus
239,1,f,22,etc,HR,very large,intermitent,f,bus
240,0,f,31,etc,HR,small,no,f,bus
241,0,f,29,etc,HR,large,no,f,car
242,0,f,29,etc,HR,large,no,f,car
243,1,f,32,etc,HR,very large,intermitent,f,bus
244,1,m,21,etc,Marketing,large,no,m,bus
245,1,f,36,etc,HR,small,no,m,foot
246,1,f,36,etc,HR,small,no,m,foot
247,1,f,36,etc,HR,small,no,m,foot
248,1,f,32,etc,HR,very large,yes,f,bus
249,0,f,27,etc,etc,small,no,m,bus
250,0,f,32,etc,Sales,small,no,m,bus
251,1,f,27,etc,HR,medium,no,f,bus
252,1,f,25,etc,etc,large,intermitent,f,bus
253,1,f,22,etc,HR,very large,yes,f,bus
254,1,m,40,etc,HR,small,yes,m,car
255,0,f,23,etc,etc,very large,no,f,bus
256,1,f,25,etc,HR,medium,intermitent,f,foot
257,0,m,27,etc,Sales,very large,yes,m,bus
258,1,f,37,etc,HR,very large,yes,f,bus
259,0,m,25,etc,etc,very large,yes,m,car
260,0,f,20,etc,HR,medium,no,f,bus
261,0,m,22,etc,HR,very large,no,f,bus
262,1,f,27,etc,HR,very large,intermitent,f,bus
263,1,m,26,etc,Engineer,small,no,m,bus
264,1,f,36,etc,HR,medium,no,m,bus
265,1,f,29,etc,HR,large,no,m,bus
266,1,f,29,etc,HR,large,no,m,bus
267,0,f,35,etc,HR,large,no,f,bus
268,1,f,27,etc,HR,very large,intermitent,f,bus
269,1,f,31,etc,HR,small,no,m,car
270,1,m,29,etc,PR,medium,no,m,bus
271,1,f,22,etc,Marketing,large,no,f,car
272,0,f,38,etc,HR,medium,no,m,bus
273,1,m,36,IT,IT,small,no,m,foot
274,1,f,24,IT,HR,very large,yes,f,bus
275,0,f,30,IT,HR,small,no,m,bus
276,0,m,30,IT,Sales,large,no,f,foot
277,0,f,29,IT,HR,very large,intermitent,m,bus
278,0,m,30,IT,IT,small,intermitent,m,bus
279,1,f,28,IT,HR,very large,no,f,bus
280,0,f,31,IT,HR,very large,no,m,bus
281,0,f,32,IT,IT,very large,intermitent,m,car
282,0,f,32,IT,IT,very large,intermitent,m,car
283,0,f,30,IT,HR,small,no,m,bus
284,1,f,37,IT,HR,small,yes,f,bus
285,0,m,37,IT,IT,very large,no,m,foot
286,0,f,21,IT,HR,indiv,no,m,bus
287,0,f,23,IT,HR,large,yes,m,bus
288,0,f,42,IT,HR,very large,intermitent,m,bus
289,0,f,42,IT,HR,very large,intermitent,m,bus
290,0,f,42,IT,HR,very large,intermitent,m,bus
291,1,m,34,IT,Sales,medium,no,m,car
292,0,f,32,IT,HR,very large,yes,m,bus
293,0,m,37,IT,IT,large,intermitent,m,bus
294,1,f,45,IT,HR,large,no,m,car
295,0,f,42,IT,IT,medium,no,m,foot
296,0,m,31,IT,IT,very large,no,m,bus
297,0,f,27,IT,HR,large,no,m,bus
298,0,m,27,IT,HR,small,no,f,bus
299,1,m,41,IT,IT,large,no,m,bus
300,0,m,30,IT,IT,small,intermitent,m,car
301,1,f,24,IT,HR,small,intermitent,m,foot
302,0,m,24,IT,IT,small,no,m,bus
303,0,f,30,IT,HR,very large,intermitent,m,bus
304,0,f,30,IT,HR,very large,intermitent,m,bus
305,0,f,22,IT,HR,very large,intermitent,m,bus
306,0,f,22,IT,HR,very large,intermitent,m,bus
307,1,m,44,IT,Engineer,small,no,m,bus
308,0,f,26,IT,IT,small,no,m,foot
309,1,m,23,IT,HR,small,no,f,bus
310,0,f,20,IT,IT,small,intermitent,m,bus
311,1,m,33,IT,Consult,very large,yes,m,car
312,1,m,26,IT,IT,small,no,m,bus
313,0,m,41,IT,IT,very large,no,m,foot
314,0,m,28,IT,IT,medium,no,m,foot
315,0,f,36,IT,HR,large,yes,m,bus
316,1,f,27,IT,HR,very large,intermitent,m,bus
317,1,f,22,IT,HR,large,no,m,bus
318,0,f,31,IT,HR,small,intermitent,f,bus
319,0,f,30,IT,HR,medium,no,m,car
320,1,m,38,IT,IT,large,no,m,car
321,1,f,22,IT,manage,very large,yes,f,bus
322,0,m,24,IT,IT,small,yes,m,bus
323,0,m,28,IT,IT,small,intermitent,m,bus
324,1,f,40,IT,HR,small,yes,m,bus
325,0,f,26,IT,HR,very large,yes,m,bus
326,0,m,28,IT,IT,very large,no,m,bus
327,0,f,33,IT,HR,large,intermitent,f,bus
328,0,f,46,IT,HR,medium,yes,f,bus
329,0,f,46,IT,HR,medium,yes,f,bus
330,1,f,31,IT,IT,very large,intermitent,m,bus
331,1,m,32,IT,IT,small,no,m,car
332,0,f,29,IT,IT,small,yes,m,car
333,0,f,29,IT,IT,small,yes,m,car
334,0,f,34,IT,HR,medium,no,m,bus
335,1,f,23,IT,HR,very large,intermitent,f,bus
336,1,f,27,IT,Sales,large,yes,m,bus
337,0,f,19,IT,HR,very large,yes,f,bus
338,0,f,26,IT,HR,small,yes,f,bus
339,0,f,26,IT,HR,small,yes,f,bus
340,0,m,34,IT,IT,very large,no,m,foot
341,1,f,25,IT,HR,small,yes,f,bus
342,0,m,47,IT,Consult,large,no,m,bus
343,0,m,47,IT,Consult,large,no,m,bus
344,0,f,26,IT,HR,small,intermitent,m,bus
345,0,m,32,IT,IT,small,intermitent,m,bus
346,0,m,29,IT,IT,very large,no,m,bus
347,0,f,22,IT,IT,small,intermitent,m,foot
348,0,f,26,IT,HR,small,intermitent,f,bus
349,0,f,26,IT,HR,small,intermitent,f,bus
350,0,f,24,IT,HR,small,no,m,bus
351,0,f,24,IT,HR,small,intermitent,f,bus
352,1,f,22,IT,IT,small,intermitent,m,bus
353,0,m,24,IT,IT,small,yes,m,car
354,0,m,40,IT,IT,small,no,m,car
355,0,m,21,IT,IT,small,intermitent,m,foot
356,0,f,25,IT,HR,very large,no,m,bus
357,0,m,41,IT,IT,small,no,m,car
358,1,m,35,IT,IT,very large,yes,m,car
359,0,f,36,IT,HR,very large,intermitent,f,bus
360,0,m,22,IT,IT,large,intermitent,m,foot
361,0,f,28,IT,HR,large,no,f,bus
362,0,m,40,IT,Sales,large,no,m,car
363,0,m,35,IT,IT,small,no,m,bus
364,0,f,25,IT,HR,very large,yes,f,bus
365,0,f,25,IT,HR,very large,yes,f,bus
366,1,m,42,IT,Consult,very large,intermitent,m,bus
367,0,m,40,IT,Sales,small,no,m,car
368,0,m,38,manufacture,HR,medium,no,f,car
369,0,m,38,manufacture,HR,medium,no,f,car
370,0,f,41,manufacture,HR,small,no,f,bus
371,1,f,39,manufacture,HR,very large,no,m,bus
372,0,f,28,manufacture,HR,very large,no,m,bus
373,0,f,46,manufacture,HR,small,no,f,bus
374,0,f,41,manufacture,HR,medium,no,m,bus
375,1,f,26,manufacture,HR,large,no,f,car
376,0,f,35,manufacture,HR,medium,no,m,car
377,0,f,27,manufacture,HR,very large,no,m,car
378,0,f,31,manufacture,HR,very large,no,f,bus
379,0,f,47,manufacture,HR,large,no,f,car
380,1,m,44,manufacture,BusinessDevelopment,very large,no,m,car
381,0,m,32,manufacture,HR,medium,no,m,bus
382,0,f,33,manufacture,HR,medium,no,m,bus
383,1,f,31,manufacture,HR,very large,intermitent,m,car
384,1,m,24,manufacture,Marketing,small,intermitent,m,car
385,1,m,22,manufacture,manage,indiv,intermitent,f,foot
386,0,m,25,manufacture,HR,medium,no,f,bus
387,1,m,47,manufacture,Commercial,small,no,m,bus
388,1,m,47,manufacture,Commercial,small,no,m,bus
389,1,m,47,manufacture,Commercial,small,no,m,bus
390,0,f,39,manufacture,HR,small,no,m,bus
391,1,f,33,manufacture,HR,large,intermitent,m,car
392,1,f,23,manufacture,manage,medium,no,f,car
393,0,m,34,manufacture,HR,very large,intermitent,f,bus
394,1,f,42,manufacture,HR,small,yes,m,bus
395,1,f,42,manufacture,HR,small,yes,m,bus
396,0,m,36,manufacture,Engineer,small,intermitent,m,bus
397,0,f,43,manufacture,HR,large,no,m,car
398,1,f,25,manufacture,HR,very large,intermitent,f,car
399,1,f,25,manufacture,HR,very large,intermitent,f,car
400,0,m,36,manufacture,HR,medium,no,m,bus
401,0,m,48,manufacture,Marketing,medium,no,m,bus
402,1,f,33,manufacture,HR,very large,yes,m,car
403,1,f,33,manufacture,HR,large,no,m,car
404,0,f,29,manufacture,HR,large,no,f,bus
405,0,f,27,manufacture,HR,small,no,f,bus
406,1,m,39,manufacture,Engineer,large,no,m,car
407,1,m,25,manufacture,HR,small,intermitent,f,car
408,1,f,33,manufacture,HR,large,intermitent,m,car
409,0,m,42,manufacture,BusinessDevelopment,very large,no,m,car
410,0,f,38,manufacture,HR,medium,intermitent,f,bus
411,0,f,26,manufacture,HR,small,no,m,bus
412,1,f,45,manufacture,Engineer,large,intermitent,f,bus
413,0,f,40,manufacture,HR,very large,no,m,bus
414,0,f,24,manufacture,HR,very large,no,f,bus
415,0,m,38,manufacture,HR,large,no,m,foot
416,0,m,38,manufacture,HR,large,no,m,foot
417,1,f,29,manufacture,HR,small,no,m,car
418,1,f,23,manufacture,Commercial,very large,intermitent,f,bus
419,1,f,25,manufacture,HR,indiv,yes,f,car
420,1,f,26,manufacture,HR,very large,no,m,car
421,1,f,26,manufacture,HR,very large,no,m,car
422,0,f,27,manufacture,HR,small,no,m,bus
423,1,f,23,manufacture,Engineer,very large,yes,m,bus
424,1,f,23,manufacture,Engineer,very large,yes,m,bus
425,1,m,37,manufacture,manage,large,no,m,bus
426,0,f,,manufacture,HR,very large,no,f,foot
427,0,f,38,manufacture,HR,very large,no,f,foot
428,0,f,38,manufacture,HR,very large,no,f,foot
429,0,f,38,manufacture,HR,very large,no,f,foot
430,0,m,37,manufacture,etc,very large,no,m,bus
431,1,f,36,manufacture,etc,small,intermitent,f,foot
432,1,f,36,manufacture,etc,small,intermitent,f,foot
433,1,m,26,manufacture,Engineer,large,intermitent,m,bus
434,1,f,24,manufacture,HR,large,intermitent,f,bus
435,1,f,24,manufacture,HR,large,intermitent,f,bus
436,1,f,32,manufacture,HR,large,intermitent,f,car
437,1,f,23,manufacture,HR,very large,intermitent,f,bus
438,0,m,45,manufacture,HR,small,no,m,car
439,0,m,45,manufacture,HR,small,no,m,car
440,0,f,24,manufacture,HR,very large,no,m,bus
441,1,f,28,manufacture,HR,very large,intermitent,m,bus
442,0,f,32,manufacture,HR,medium,no,m,car
443,1,f,31,manufacture,HR,large,no,m,bus
444,0,f,31,manufacture,HR,very large,intermitent,f,car
445,0,f,34,manufacture,HR,large,yes,m,bus
446,0,f,32,manufacture,HR,very large,no,m,bus
447,1,f,35,manufacture,HR,very large,no,m,car
448,0,f,29,manufacture,HR,small,no,f,bus
449,1,f,38,manufacture,HR,large,no,m,bus
450,0,m,42,manufacture,Engineer,very large,no,m,car
451,1,f,34,manufacture,Marketing,large,no,m,car
452,0,m,34,manufacture,HR,very large,intermitent,f,bus
453,0,f,32,manufacture,HR,medium,no,m,bus
454,1,f,38,manufacture,HR,medium,intermitent,m,car
455,0,f,25,manufacture,HR,very large,no,f,bus
456,0,f,35,manufacture,HR,very large,no,m,bus
457,1,f,32,manufacture,HR,small,no,m,car
458,0,m,36,manufacture,manage,medium,no,m,car
459,1,f,31,manufacture,HR,large,intermitent,f,bus
460,0,f,29,manufacture,HR,large,intermitent,m,foot
461,0,f,29,manufacture,HR,large,intermitent,m,foot
462,0,f,29,manufacture,HR,large,intermitent,m,foot
463,0,f,29,manufacture,HR,large,intermitent,m,foot
464,1,f,36,manufacture,Sales,medium,no,m,car
465,1,f,36,manufacture,HR,very large,intermitent,f,bus
466,0,m,28,manufacture,HR,very large,intermitent,f,car
467,0,f,30,manufacture,HR,large,no,f,car
468,0,f,39,manufacture,HR,large,intermitent,f,bus
469,0,f,39,manufacture,HR,large,intermitent,f,bus
470,1,f,34,manufacture,manage,medium,no,f,car
471,0,f,40,manufacture,HR,very large,yes,m,bus
472,0,m,34,manufacture,HR,medium,no,m,car
473,0,m,34,manufacture,HR,medium,no,m,car
474,0,f,31,manufacture,HR,medium,intermitent,m,car
475,1,f,,manufacture,HR,large,no,m,car
476,0,f,24,Mining,HR,very large,no,f,bus
477,1,m,36,Mining,HR,small,no,m,foot
478,1,f,37,Mining,Commercial,medium,yes,m,bus
479,1,f,37,Mining,HR,large,no,m,bus
480,1,f,34,Mining,HR,small,no,m,car
481,1,f,30,Mining,HR,very large,intermitent,f,car
482,0,f,24,Mining,HR,indiv,yes,f,bus
483,0,m,29,Mining,HR,small,no,f,foot
484,0,m,29,Mining,HR,small,no,f,foot
485,1,f,29,Mining,HR,large,no,m,bus
486,1,m,26,Mining,HR,small,yes,f,car
487,0,f,42,Mining,HR,medium,no,m,bus
488,1,m,39,Mining,etc,medium,no,m,foot
489,1,f,25,Mining,HR,medium,yes,f,foot
490,1,f,34,Mining,manage,medium,no,f,bus
491,0,m,26,Mining,HR,large,intermitent,m,car
492,1,f,54,Pharma,HR,large,no,m,car
493,1,f,54,Pharma,HR,large,no,m,car
494,0,f,50,Pharma,BusinessDevelopment,very large,no,m,car
495,1,f,43,Pharma,HR,very large,intermitent,f,car
496,0,f,24,Pharma,HR,very large,yes,f,bus
497,1,f,37,Pharma,etc,small,no,f,car
498,0,f,32,Pharma,Sales,large,no,f,bus
499,1,f,36,Pharma,etc,small,no,f,car
500,0,f,33,Pharma,HR,large,no,m,bus
501,1,f,24,Pharma,HR,small,no,f,bus
502,0,f,35,Pharma,HR,medium,intermitent,f,bus
503,0,f,27,Pharma,HR,large,intermitent,m,bus
504,1,f,22,Pharma,HR,large,no,m,bus
505,1,f,22,Pharma,HR,large,no,m,bus
506,1,f,22,Pharma,HR,medium,no,m,bus
507,1,f,48,PowerGeneration,HR,small,no,f,bus
508,0,m,29,PowerGeneration,HR,small,no,f,bus
509,0,m,29,PowerGeneration,HR,small,no,f,bus
510,1,f,24,PowerGeneration,Sales,small,intermitent,f,bus
511,0,m,36,PowerGeneration,HR,large,no,m,bus
512,0,f,27,PowerGeneration,Finance,very large,intermitent,m,bus
513,1,f,36,PowerGeneration,HR,very large,intermitent,m,bus
514,1,f,36,PowerGeneration,HR,very large,intermitent,m,bus
515,1,f,21,PowerGeneration,HR,very large,intermitent,f,bus
516,1,m,29,PowerGeneration,HR,large,no,f,bus
517,1,m,22,PowerGeneration,etc,large,no,m,bus
518,0,m,33,PowerGeneration,manage,medium,no,m,bus
519,1,f,35,PowerGeneration,HR,medium,no,m,bus
520,1,f,35,PowerGeneration,HR,medium,no,m,bus
521,0,f,23,PowerGeneration,HR,large,no,m,bus
522,1,f,36,PowerGeneration,Accounting,small,no,f,bus
523,0,m,49,PowerGeneration,IT,small,no,m,car
524,0,f,27,PowerGeneration,HR,very large,no,m,foot
525,0,f,27,PowerGeneration,HR,very large,no,m,foot
526,0,f,24,PowerGeneration,HR,large,yes,f,bus
527,0,f,24,PowerGeneration,HR,large,yes,f,bus
528,0,f,29,PowerGeneration,Commercial,very large,no,m,car
529,0,f,27,PowerGeneration,HR,very large,no,m,bus
530,0,f,27,PowerGeneration,HR,very large,no,m,bus
531,0,f,33,PowerGeneration,HR,small,intermitent,f,car
532,0,f,33,PowerGeneration,HR,small,intermitent,f,car
533,0,f,33,PowerGeneration,HR,small,intermitent,f,car
534,0,f,33,PowerGeneration,HR,small,intermitent,f,car
535,1,f,46,RealEstate,HR,large,no,m,car
536,0,f,35,RealEstate,HR,large,no,m,car
537,0,f,30,RealEstate,HR,small,no,m,car
538,0,f,30,RealEstate,HR,small,no,m,car
539,1,m,31,RealEstate,Marketing,very large,intermitent,f,car
540,1,f,30,RealEstate,HR,large,no,m,bus
541,1,f,36,RealEstate,manage,large,no,m,bus
542,0,f,29,Retail,HR,small,intermitent,f,bus
543,0,f,29,Retail,HR,small,intermitent,f,bus
544,1,f,43,Retail,HR,small,no,f,bus
545,0,f,25,Retail,PR,medium,intermitent,f,bus
546,0,f,27,Retail,HR,very large,intermitent,m,bus
547,1,m,27,Retail,Sales,small,no,m,bus
548,0,f,32,Retail,HR,very large,no,f,bus
549,0,f,38,Retail,HR,small,no,m,car
550,0,f,38,Retail,HR,small,no,m,car
551,0,f,38,Retail,HR,small,no,m,car
552,0,m,25,Retail,Marketing,very large,no,f,car
553,1,f,40,Retail,HR,very large,no,m,car
554,1,f,34,Retail,BusinessDevelopment,large,no,f,bus
555,0,f,32,Retail,Sales,very large,no,m,car
556,0,f,33,Retail,HR,very large,no,m,bus
557,1,f,29,Retail,etc,small,no,m,bus
558,1,f,29,Retail,etc,small,no,m,bus
559,1,f,29,Retail,etc,small,no,m,bus
560,1,f,29,Retail,HR,small,yes,m,bus
561,1,f,29,Retail,HR,small,yes,m,bus
562,1,f,29,Retail,HR,small,yes,m,bus
563,1,f,26,Retail,Sales,very large,intermitent,f,bus
564,1,f,31,Retail,Sales,medium,no,f,bus
565,0,m,30,Retail,HR,very large,no,m,bus
566,0,f,29,Retail,HR,small,intermitent,f,bus
567,0,f,29,Retail,HR,small,intermitent,f,bus
568,0,f,29,Retail,HR,small,intermitent,f,bus
569,0,f,34,Retail,HR,large,no,f,car
570,1,f,38,Retail,HR,large,no,m,car
571,0,f,23,Retail,HR,very large,intermitent,f,bus
572,0,f,26,Retail,Commercial,small,yes,f,bus
573,1,f,32,Retail,HR,small,no,f,car
574,1,f,25,Retail,manage,large,no,m,bus
575,0,f,32,Retail,HR,large,no,f,bus
576,0,f,38,Retail,BusinessDevelopment,very large,no,m,car
577,1,f,34,Retail,HR,very large,no,f,bus
578,1,f,,Retail,Marketing,very large,yes,f,bus
579,1,m,35,Retail,Sales,very large,no,m,foot
580,0,f,30,Retail,HR,very large,no,m,car
581,0,f,30,Retail,HR,very large,no,m,car
582,0,f,41,Retail,HR,large,no,m,bus
583,0,f,41,Retail,HR,large,no,m,bus
584,1,m,29,Retail,Sales,medium,intermitent,m,bus
585,1,f,25,Retail,IT,small,no,f,bus
586,1,f,27,Retail,HR,large,intermitent,f,car
587,0,f,32,Retail,HR,large,no,m,car
588,1,f,33,Retail,HR,small,no,m,car
589,1,f,23,Retail,HR,very large,no,f,bus
590,0,f,34,Retail,HR,very large,intermitent,f,car
591,0,m,37,Retail,Sales,medium,intermitent,m,bus
592,1,f,41,Retail,HR,small,no,m,bus
593,1,f,41,Retail,HR,small,no,m,bus
594,1,f,41,Retail,HR,small,no,m,bus
595,1,f,41,Retail,HR,small,no,f,bus
596,1,f,41,Retail,HR,small,no,f,bus
597,1,f,41,Retail,HR,small,no,f,bus
598,0,m,37,Retail,Sales,medium,intermitent,m,bus
599,1,f,37,Retail,HR,large,no,m,car
600,0,f,29,Retail,HR,medium,intermitent,f,bus
601,0,f,25,Retail,HR,very large,no,m,car
602,0,f,27,Retail,HR,very large,intermitent,m,bus
603,1,f,27,Retail,HR,large,yes,f,bus
604,1,f,27,Retail,HR,large,yes,f,bus
605,1,m,30,Retail,Sales,large,no,m,car
606,1,m,30,Retail,Sales,large,no,m,car
607,1,f,36,Retail,Sales,very large,no,m,bus
608,1,m,27,Retail,Sales,very large,intermitent,m,car
609,0,f,26,Retail,HR,small,no,m,car
610,1,m,39,Retail,manage,small,no,m,car
611,1,f,27,Retail,HR,very large,no,m,car
612,1,f,27,Retail,HR,very large,no,m,car
613,0,f,56,Retail,HR,small,no,m,bus
614,0,f,33,Retail,HR,very large,no,m,bus
615,0,m,30,Retail,Commercial,large,no,m,car
616,0,m,30,Retail,Commercial,large,no,m,car
617,1,f,34,Retail,HR,very large,intermitent,m,car
618,1,f,25,Retail,HR,small,no,f,bus
619,1,f,23,Retail,HR,very large,no,f,car
620,1,f,24,Retail,HR,very large,no,f,foot
621,1,f,24,Retail,HR,very large,no,f,foot
622,0,m,54,Retail,Sales,small,intermitent,m,bus
623,0,f,34,Retail,HR,small,no,f,car
624,0,f,34,Retail,HR,small,no,f,car
625,0,f,34,Retail,HR,small,no,f,car
626,0,f,41,Retail,HR,very large,no,m,bus
627,1,f,28,Retail,HR,very large,no,f,car
628,0,f,28,Retail,HR,very large,intermitent,f,bus
629,0,f,28,Retail,HR,very large,intermitent,f,bus
630,0,f,28,Retail,HR,very large,intermitent,f,bus
631,1,m,35,Retail,HR,large,no,m,car
632,1,m,35,Retail,HR,large,no,m,car
633,0,f,34,Retail,HR,very large,no,f,car
634,0,f,23,Retail,HR,very large,no,f,bus
635,0,f,32,Retail,HR,large,no,f,bus
636,0,f,38,Retail,HR,very large,no,f,foot
637,0,f,38,Retail,HR,very large,no,f,foot
638,0,f,38,Retail,HR,very large,no,f,foot
639,0,f,38,Retail,HR,very large,no,f,foot
640,1,f,24,Retail,HR,very large,intermitent,f,bus
641,1,f,27,Retail,HR,very large,yes,f,car
642,1,f,39,Retail,HR,large,yes,m,car
643,1,m,24,Retail,HR,small,intermitent,f,bus
644,1,f,44,Retail,HR,large,no,m,bus
645,0,f,24,Retail,HR,small,intermitent,f,bus
646,0,f,24,Retail,HR,small,intermitent,f,bus
647,0,m,39,Retail,IT,medium,intermitent,f,car
648,1,f,22,Retail,Sales,very large,yes,m,bus
649,1,f,38,Retail,Commercial,small,no,m,car
650,0,f,45,Retail,HR,medium,no,f,foot
651,0,f,31,Retail,HR,small,intermitent,f,bus
652,0,f,31,Retail,HR,small,intermitent,f,bus
653,1,f,23,Retail,Sales,small,intermitent,f,bus
654,1,f,29,Retail,HR,small,intermitent,f,car
655,1,f,22,Retail,HR,small,no,f,bus
656,1,f,22,Retail,HR,small,no,f,bus
657,1,f,24,Retail,Commercial,very large,intermitent,m,bus
658,0,m,49,Retail,Finance,large,no,m,bus
659,0,f,27,Retail,HR,small,intermitent,m,bus
660,0,f,41,Retail,HR,very large,no,m,car
661,1,f,34,Retail,HR,small,no,m,car
662,0,f,26,Retail,HR,large,intermitent,f,car
663,1,f,34,Retail,HR,medium,no,m,car
664,1,f,34,Retail,HR,medium,no,m,car
665,1,f,34,Retail,HR,medium,no,m,car
666,1,f,34,Retail,HR,medium,no,m,car
667,0,f,24,Retail,HR,medium,intermitent,f,bus
668,0,f,24,Retail,HR,medium,intermitent,f,bus
669,0,f,23,Retail,HR,very large,yes,f,bus
670,0,f,29,Retail,HR,very large,intermitent,m,bus
671,0,f,29,Retail,HR,very large,intermitent,m,bus
672,0,f,29,Retail,HR,very large,intermitent,m,bus
673,1,f,26,Retail,HR,very large,intermitent,f,bus
674,0,m,32,Retail,HR,large,no,f,bus
675,1,f,36,Retail,HR,medium,intermitent,m,bus
676,0,f,29,Retail,HR,very large,no,f,car
677,1,f,30,Retail,Sales,very large,no,f,bus
678,0,f,32,Retail,HR,large,yes,m,bus
679,1,m,51,Retail,etc,large,no,m,car
680,1,m,25,Retail,IT,large,no,m,car
681,1,f,27,Retail,Sales,large,intermitent,m,bus
682,1,m,30,Retail,Sales,very large,no,m,car
683,0,f,26,Retail,HR,large,no,f,bus
684,0,f,26,Retail,HR,large,no,f,bus
685,0,f,31,Retail,Accounting,very large,no,f,bus
686,0,f,23,Retail,HR,small,no,m,bus
687,1,m,31,Retail,Sales,small,intermitent,m,bus
688,1,f,42,Retail,HR,small,no,m,bus
689,0,m,33,Retail,HR,small,intermitent,f,car
690,0,m,33,Retail,HR,small,intermitent,f,car
691,0,m,21,Retail,Sales,large,yes,m,bus
692,0,f,25,Retail,Marketing,very large,yes,f,bus
693,1,f,40,Retail,HR,medium,no,m,car
694,1,f,58,Retail,Accounting,very large,no,m,bus
695,0,m,32,Retail,HR,very large,no,m,bus
696,0,f,22,Retail,manage,very large,no,f,bus
697,0,f,23,Retail,HR,small,intermitent,f,bus
698,1,f,27,Retail,HR,small,intermitent,f,bus
699,1,f,27,Retail,HR,small,intermitent,f,bus
700,1,f,27,Retail,HR,small,no,f,car
701,1,f,27,Retail,HR,small,no,f,car
702,1,m,31,Retail,BusinessDevelopment,medium,intermitent,m,car
703,1,m,31,Retail,BusinessDevelopment,medium,intermitent,m,car
704,0,f,34,Retail,HR,small,no,f,car
705,0,f,34,Retail,HR,small,no,f,car
706,0,f,34,Retail,HR,small,no,f,car
707,0,m,38,Retail,Sales,medium,no,m,bus
708,1,f,31,Retail,HR,medium,no,m,bus
709,1,f,35,Retail,HR,small,no,m,bus
710,1,f,32,Retail,HR,very large,no,m,car
711,0,m,33,Retail,HR,small,no,f,car
712,0,m,33,Retail,HR,small,no,f,car
713,1,m,38,Retail,HR,large,no,f,bus
714,0,m,33,Retail,HR,large,intermitent,m,car
715,0,m,33,Retail,HR,small,intermitent,f,bus
716,0,f,,Retail,HR,very large,intermitent,m,car
717,1,f,27,Retail,etc,large,yes,m,bus
718,1,f,37,Retail,HR,small,no,f,car
719,1,f,37,Retail,HR,small,no,f,car
720,1,f,37,Retail,HR,small,no,f,car
721,1,f,37,Retail,HR,small,no,f,car
722,1,f,37,Retail,HR,medium,no,f,car
723,1,f,37,Retail,HR,medium,no,f,car
724,0,m,33,Retail,HR,small,no,f,car
725,0,m,33,Retail,HR,small,no,f,car
726,0,f,29,Retail,HR,small,intermitent,f,bus
727,1,f,30,Retail,HR,medium,no,f,bus
728,0,f,29,Retail,HR,very large,no,f,car
729,0,f,38,Retail,HR,small,no,m,bus
730,0,f,29,Retail,HR,small,intermitent,f,bus
731,0,m,33,Retail,HR,very large,intermitent,f,bus
732,1,f,34,Retail,HR,very large,no,f,bus
733,1,f,34,Retail,HR,very large,no,f,bus
734,1,f,34,Retail,HR,very large,no,f,bus
735,1,f,34,Retail,HR,very large,no,f,bus
736,1,f,38,Retail,HR,large,no,m,bus
737,1,f,23,Retail,Marketing,indiv,intermitent,f,car
738,1,f,28,Retail,HR,large,intermitent,m,bus
739,0,m,31,Retail,Consult,very large,no,f,bus
740,1,m,23,State,etc,large,intermitent,m,bus
741,1,f,39,State,Teaching,large,no,m,bus
742,0,m,40,State,Consult,medium,no,m,foot
743,1,f,37,State,Marketing,large,no,f,foot
744,0,f,25,State,HR,very large,no,f,bus
745,1,m,27,State,Teaching,medium,no,f,bus
746,1,f,39,State,HR,small,no,f,car
747,1,f,39,State,HR,small,no,f,car
748,0,f,26,State,HR,very large,no,m,bus
749,1,f,21,State,Sales,indiv,intermitent,m,bus
750,1,f,29,State,Teaching,indiv,intermitent,f,foot
751,1,f,24,State,etc,indiv,yes,f,foot
752,1,f,26,State,HR,small,yes,m,car
753,1,f,26,State,HR,large,no,m,car
754,1,f,34,State,Teaching,large,no,f,bus
755,0,m,40,State,Finance,large,no,f,car
756,0,m,35,State,HR,small,no,f,bus
757,1,m,24,State,Teaching,large,no,f,bus
758,1,f,38,State,Teaching,large,no,f,foot
759,1,f,28,State,manage,large,no,f,bus
760,0,f,45,State,HR,large,no,f,bus
761,0,f,45,State,HR,large,no,f,bus
762,1,f,31,State,HR,large,no,m,bus
763,1,f,44,State,HR,large,intermitent,f,car
764,0,f,45,State,HR,large,no,f,bus
765,0,f,45,State,HR,large,no,f,bus
766,0,f,31,State,etc,indiv,no,f,foot
767,0,f,30,State,HR,large,intermitent,f,bus
768,1,f,21,State,PR,small,no,f,bus
769,0,f,43,State,Law,large,no,m,car
770,0,f,40,State,HR,medium,no,f,bus
771,1,f,49,State,BusinessDevelopment,small,intermitent,f,bus
772,1,f,48,State,BusinessDevelopment,small,no,f,bus
773,0,f,31,State,HR,large,no,f,bus
774,1,f,25,State,manage,small,no,m,bus
775,1,m,26,State,IT,small,intermitent,m,bus
776,0,f,22,State,HR,large,intermitent,f,car
777,1,f,25,State,Consult,large,yes,f,bus
778,1,f,,State,Finance,large,no,m,bus
779,0,m,32,State,etc,very large,no,f,car
780,0,f,49,Telecom,HR,small,no,m,car
781,0,m,36,Telecom,HR,medium,intermitent,f,car
782,0,f,35,Telecom,HR,small,no,f,bus
783,0,f,32,Telecom,HR,very large,no,f,bus
784,1,m,45,Telecom,BusinessDevelopment,small,intermitent,m,bus
785,0,f,27,Telecom,HR,very large,no,f,bus
786,0,f,27,Telecom,HR,very large,no,f,bus
787,1,f,26,Telecom,IT,very large,intermitent,m,bus
788,0,f,37,Telecom,HR,very large,no,f,foot
789,1,f,36,Telecom,HR,very large,no,f,car
790,1,f,35,Telecom,HR,small,intermitent,f,foot
791,1,m,28,Telecom,IT,large,no,m,car
792,1,m,28,Telecom,IT,large,no,m,car
793,0,m,30,Telecom,Sales,small,intermitent,f,car
794,1,f,21,Telecom,Sales,medium,yes,f,bus
795,0,m,23,Telecom,Engineer,small,no,m,bus
796,1,f,23,Telecom,HR,small,no,f,bus
797,0,m,26,Telecom,HR,very large,yes,f,bus
798,0,f,34,Telecom,HR,very large,yes,f,bus
799,0,f,37,Telecom,HR,small,no,f,bus
800,1,m,28,transport,Commercial,large,no,m,bus
801,1,f,22,transport,HR,very large,no,m,bus
802,1,f,38,transport,HR,very large,no,m,bus
803,1,f,38,transport,HR,very large,no,m,bus
804,0,f,39,transport,HR,medium,no,f,bus
805,0,f,39,transport,HR,medium,no,f,bus
806,0,f,23,transport,HR,very large,intermitent,f,bus
807,0,f,30,transport,HR,very large,no,m,bus
808,1,f,35,transport,Commercial,small,no,f,car
809,0,f,31,transport,Consult,small,no,m,bus
810,0,f,31,transport,Consult,small,no,m,bus
811,0,f,39,transport,HR,small,no,f,bus
812,0,f,39,transport,HR,small,no,f,bus
813,0,f,31,transport,manage,small,intermitent,m,bus
814,0,f,31,transport,manage,small,intermitent,m,bus
815,0,f,39,transport,HR,very large,no,f,bus
816,0,f,39,transport,HR,very large,no,f,bus
817,1,f,37,transport,HR,very large,no,m,bus
818,1,f,28,transport,HR,small,no,m,bus
819,1,f,42,transport,HR,small,no,m,bus
820,0,f,23,transport,HR,small,yes,m,bus
821,0,m,27,transport,HR,medium,no,f,bus
822,1,f,42,transport,HR,very large,no,m,bus
823,0,m,36,transport,etc,small,no,m,bus
824,1,f,44,transport,HR,large,no,m,car
825,0,f,30,transport,HR,small,no,m,bus
826,1,f,31,transport,HR,small,no,m,bus
827,0,f,45,transport,HR,large,no,f,car
828,0,m,26,transport,etc,very large,intermitent,m,bus
829,1,f,21,transport,HR,small,yes,f,foot
830,0,f,37,transport,HR,very large,no,m,bus
831,1,f,32,transport,HR,large,intermitent,m,bus