EmployeeName,EmployeeNumber,ManagerName,EmployeeSource,PerformanceScore
"Steans, Tyrone",1302053333,Brandon R. LeBlanc,Internet Search,Fully Meets
"Howard, Estelle",1211050782,Brandon R. LeBlanc,Pay Per Click - Google,N/A- too early to review
"Singh, Nan",1307059817,Brandon R. LeBlanc,Website Banner Ads,N/A- too early to review
"Smith, Leigh Ann",711007713,Brandon R. LeBlanc,Diversity Job Fair,Fully Meets
"LeBlanc, Brandon  R",1102024115,Janet King,Monster.com,Fully Meets
"Quinn, Sean",1206043417,Janet King,Diversity Job Fair,Fully Meets
"Boutwell, Bonalyn",1307060188,Brandon R. LeBlanc,Diversity Job Fair,90-day meets
"Foster-Baker, Amy",1201031308,Board of Directors,Other,Fully Meets
"King, Janet",1001495124,Board of Directors,Pay Per Click - Google,Fully Meets
"Zamora, Jennifer",1112030816,Janet King,Employee Referral,Exceptional
"Becker, Renee",1102024056,Simon Roup,Search Engine - Google Bing Yahoo,Fully Meets
"Goble, Taisha",905013738,Simon Roup,Glassdoor,Fully Meets
"Hernandez, Daniff",1410071156,Simon Roup,Employee Referral,N/A- too early to review
"Horton, Jayne",1105025718,Simon Roup,Glassdoor,N/A- too early to review
"Johnson, Noelle",1003018246,Simon Roup,Glassdoor,90-day meets
"Murray, Thomas",1406068403,Simon Roup,Diversity Job Fair,Exceptional
"Pearson, Randall",1102023965,Simon Roup,Employee Referral,Fully Meets
"Petrowsky, Thelma",1108027853,Simon Roup,Employee Referral,Exceptional
"Roby, Lori",1407068885,Simon Roup,Employee Referral,Fully Meets
"Rogers, Ivan",1203032255,Simon Roup,Pay Per Click - Google,N/A- too early to review
"Salter, Jason",1111030148,Simon Roup,Vendor Referral,90-day meets
"Simard, Kramer",808010278,Simon Roup,Employee Referral,90-day meets
"Zhou, Julia",1110029732,Simon Roup,Employee Referral,90-day meets
"Foss, Jason",1192991000,Jennifer Zamora,Professional Society,Exceptional
"Roup,Simon",1106026933,Jennifer Zamora,Professional Society,Fully Meets
"Ruiz, Ricardo",1001175250,Jennifer Zamora,Diversity Job Fair,Fully Meets
"Monroe, Peter",1011022863,Jennifer Zamora,Diversity Job Fair,Needs Improvement
"Dougall, Eric",1101023754,Jennifer Zamora,Professional Society,Exceeds
"Clayton, Rick",1301052902,Eric Dougall,Glassdoor,Fully Meets
"Galia, Lisa",1501072093,Eric Dougall,Vendor Referral,Fully Meets
"Lindsay, Leonara",602000312,Eric Dougall,Diversity Job Fair,Exceeds
"Soto, Julia",1203032263,Eric Dougall,Information Session,Fully Meets
"Bacong, Alejandro",1212052023,Peter Monroe,Glassdoor,90-day meets
"Cisco, Anthony",1102024173,Peter Monroe,Information Session,N/A- too early to review
"Dolan, Linda",1101023540,Peter Monroe,Employee Referral,90-day meets
"Gonzalez, Maria",1988299991,Peter Monroe,Employee Referral,Fully Meets
"Merlos, Carlos",1012023013,Peter Monroe,Vendor Referral,N/A- too early to review
"Morway, Tanya",1001956578,Peter Monroe,Monster.com,Fully Meets
"Shepard, Anita",906014183,Peter Monroe,Vendor Referral,Fully Meets
"Tredinnick, Neville",1104025466,Peter Monroe,Monster.com,Fully Meets
"Turpin, Jumil",1411071506,Peter Monroe,Employee Referral,N/A- too early to review
"Ait Sidi, Karthikeyan",1307060199,Simon Roup,Company Intranet - Partner,Fully Meets
"Carr, Claudia  N",1010022337,Simon Roup,Vendor Referral,N/A- too early to review
"Favis, Donald",1412071562,Simon Roup,Vendor Referral,Fully Meets
"Roehrich, Bianca",1111030266,Simon Roup,Vendor Referral,90-day meets
"Daniele, Ann",1411071312,Peter Monroe,Vendor Referral,Fully Meets
"Lajiri,  Jyoti",1108028108,Peter Monroe,Employee Referral,Fully Meets
"Semizoglou, Jeremiah",904013591,Peter Monroe,On-campus Recruiting,N/A- too early to review
"South, Joe",1308060959,Peter Monroe,Employee Referral,90-day meets
"Warfield, Sarah",1301052347,Peter Monroe,Employee Referral,N/A- too early to review
"Bramante, Elisa",1006020066,Janet King,Other,Exceeds
"Albert, Michael",1501072311,Janet King,Employee Referral,Fully Meets
"Bozzi, Charles",1303054580,Janet King,Billboard,Fully Meets
"Butler, Webster  L",1110029990,Janet King,Pay Per Click - Google,Exceeds
"Dunn, Amy",1409070147,Janet King,Search Engine - Google Bing Yahoo,Fully Meets
"Gray, Elijiah",1307060077,Janet King,Employee Referral,Fully Meets
"Hogland, Jonathan",1001944783,Janet King,Employee Referral,Fully Meets
"Immediato, Walter",1403065874,Janet King,Other,Needs Improvement
"Liebig, Ketsia",1103024679,Janet King,Website Banner Ads,Exceeds
"Miller, Brannon",1107027351,Janet King,Internet Search,Fully Meets
"Peterson, Ebonee",1402065355,Janet King,Internet Search,Fully Meets
"Spirea, Kelley",1102024149,Janet King,Vendor Referral,Fully Meets
"Stanley, David",1000974650,Janet King,Monster.com,Needs Improvement
"Sullivan, Kissy",1405067298,Janet King,Billboard,Fully Meets
"Wallace, Courtney  E",1410071026,Janet King,Diversity Job Fair,Fully Meets
"Adinolfi, Wilson  K",1409070522,Michael Albert,MBTA ads,Exceeds
"Alagbe,Trina",1011022883,Elijiah Gray,Billboard,Fully Meets
"Anderson, Carol",1001417624,Webster Butler,Word of Mouth,N/A- too early to review
"Anderson, Linda",1304055947,Amy Dunn,MBTA ads,Exceptional
"Athwal, Sam",1301052124,Ketsia Liebig,Employee Referral,N/A- too early to review
"Bachiochi, Linda",1212051409,Brannon Miller,Diversity Job Fair,Fully Meets
"Baczenski, Rachael",1307060083,David Stanley,Diversity Job Fair,N/A- too early to review
"Barbara, Thomas",1312063507,Kissy Sullivan,Diversity Job Fair,90-day meets
"Barone, Francesco  A",1101023679,Kelley Spirea,Social Networks - Facebook Twitter etc,Fully Meets
"Barton, Nader",1212051962,Michael Albert,On-line Web application,Fully Meets
"Beatrice, Courtney",1403066194,Elijiah Gray,Search Engine - Google Bing Yahoo,Fully Meets
"Becker, Scott",1110029777,Webster Butler,MBTA ads,Fully Meets
"Bernstein, Sean",1109029366,Amy Dunn,Word of Mouth,Fully Meets
"Biden, Lowan  M",1412071844,Ketsia Liebig,Billboard,Fully Meets
"Billis, Helen",1308060366,Brannon Miller,Professional Society,Exceeds
"Brill, Donna",1406068293,David Stanley,Search Engine - Google Bing Yahoo,Fully Meets
"Bugali, Josephine",1408069635,Kissy Sullivan,Diversity Job Fair,Fully Meets
"Carey, Michael",1311063114,Kelley Spirea,MBTA ads,Fully Meets
"Chace, Beatrice",1208048062,Michael Albert,Search Engine - Google Bing Yahoo,Fully Meets
"Chan, Lin",1305057282,Elijiah Gray,Internet Search,Fully Meets
"Chang, Donovan  E",1111030129,Webster Butler,Newspager/Magazine,Fully Meets
"Chivukula, Enola",1101023394,Amy Dunn,Other,90-day meets
"Cierpiszewski, Caroline",1012023295,Ketsia Liebig,Pay Per Click - Google,Fully Meets
"Clukey, Elijian",1407069280,Brannon Miller,Employee Referral,Exceeds
"Cockel, James",1599991009,David Stanley,Employee Referral,Fully Meets
"Cole, Spencer",1001450968,Kissy Sullivan,MBTA ads,Needs Improvement
"Cornett, Lisa",1403066069,Kelley Spirea,Billboard,90-day meets
"Crimmings,   Jean",1311063172,Michael Albert,Newspager/Magazine,N/A- too early to review
"Darson, Jene'ya",1001109612,Elijiah Gray,Billboard,Fully Meets
"DeGweck,  James",1306058816,Webster Butler,Billboard,Fully Meets
"Desimone, Carl",1501072124,Amy Dunn,Professional Society,PIP
"Dickinson, Geoff",706006285,Ketsia Liebig,Pay Per Click - Google,Fully Meets
"DiNocco, Lily",1209048696,Brannon Miller,Pay Per Click - Google,Needs Improvement
"Dobrin, Denisa  S",1202031618,David Stanley,Monster.com,Fully Meets
"Eaton, Marianne",1406067865,Kissy Sullivan,Search Engine - Google Bing Yahoo,Fully Meets
"Engdahl, Jean",1007020403,Kelley Spirea,MBTA ads,Fully Meets
"England, Rex",1101023612,Kelley Spirea,Employee Referral,90-day meets
"Estremera, Miguel",1104025243,Michael Albert,Word of Mouth,Needs Improvement
"Evensen, April",1107027392,Elijiah Gray,Word of Mouth,N/A- too early to review
"Ferguson, Susan",1502072511,Webster Butler,Search Engine - Google Bing Yahoo,Fully Meets
"Fernandes, Nilson",1302053339,Amy Dunn,Professional Society,N/A- too early to review
"Ferreira, Violeta",803009012,Ketsia Liebig,Newspager/Magazine,Fully Meets
"Fidelia,  Libby",1006020020,Brannon Miller,Social Networks - Facebook Twitter etc,Fully Meets
"Garcia, Raul",1309061015,David Stanley,Employee Referral,N/A- too early to review
"Garneau, Hamish",1104025414,Kissy Sullivan,Professional Society,Fully Meets
"Gaul, Barbara",1105026041,Kelley Spirea,MBTA ads,Fully Meets
"Gentry, Mildred",1501072192,Michael Albert,Professional Society,N/A- too early to review
"Gerke, Melisa",1308060622,Elijiah Gray,Diversity Job Fair,N/A- too early to review
"Gilles, Alex",1008020960,Webster Butler,Diversity Job Fair,Needs Improvement
"Girifalco, Evelyn",1204032927,Amy Dunn,Professional Society,Exceeds
"Gold, Shenice",1408069539,Ketsia Liebig,Glassdoor,Fully Meets
"Gonzalez, Cayo",1411071212,Brannon Miller,Diversity Job Fair,Exceeds
"Gordon, David",1106026579,David Stanley,MBTA ads,Fully Meets
"Goyal, Roxana",1312063675,Kissy Sullivan,On-campus Recruiting,Fully Meets
"Gross, Paula",1103024859,Kelley Spirea,Monster.com,Fully Meets
"Handschiegl, Joanne",1405067064,Michael Albert,Word of Mouth,Fully Meets
"Harrell, Ludwick",1406068241,Elijiah Gray,Search Engine - Google Bing Yahoo,Fully Meets
"Harrington, Christie",1110029602,Webster Butler,Monster.com,Fully Meets
"Harrison, Kara",1404066622,Amy Dunn,Monster.com,Exceeds
"Heitzman, Anthony",1002017900,Ketsia Liebig,Social Networks - Facebook Twitter etc,90-day meets
"Ivey, Rose",1408069882,Brannon Miller,Professional Society,Fully Meets
"Jackson, Maryellen",1201031438,David Stanley,Newspager/Magazine,Fully Meets
"Jacobi, Hannah",1503072857,Kissy Sullivan,Employee Referral,Fully Meets
"Jhaveri, Sneha",1412071713,Kelley Spirea,On-campus Recruiting,Fully Meets
"Johnson, George",1105025721,Michael Albert,Monster.com,Exceeds
"Jung, Judy",1107027450,Elijiah Gray,Monster.com,90-day meets
"Keatts, Kramer",1301052462,Michael Albert,Billboard,Fully Meets
"Kinsella, Kathleen",710007401,Webster Butler,Search Engine - Google Bing Yahoo,90-day meets
"Kirill, Alexandra",903013071,Amy Dunn,Search Engine - Google Bing Yahoo,Fully Meets
"Knapp, Bradley  J",1304055683,Ketsia Liebig,On-campus Recruiting,Fully Meets
"Kretschmer, John",1311062610,Brannon Miller,Pay Per Click - Google,Fully Meets
"Langton, Enrico",1304055987,David Stanley,Newspager/Magazine,Fully Meets
"Leach, Dallas",1408069409,Kissy Sullivan,Monster.com,Fully Meets
"LeBel, Jonathan  R",1107027575,Kelley Spirea,Social Networks - Facebook Twitter etc,90-day meets
"Linares, Marilyn",1206042315,Michael Albert,Internet Search,N/A- too early to review
"Lydon, Allison",1101023353,Elijiah Gray,Website Banner Ads,90-day meets
"Lynch, Lindsay",1001138521,Webster Butler,Diversity Job Fair,Exceeds
"MacLennan, Samuel",1201031032,Amy Dunn,Pay Per Click,N/A- too early to review
"Mahoney, Lauren",1209049259,Ketsia Liebig,Newspager/Magazine,Fully Meets
"Mangal, Debbie",1308060754,Brannon Miller,On-campus Recruiting,Fully Meets
"Maurice, Shana",1401064327,David Stanley,Other,90-day meets
"Mckenna, Sandy",909015167,Kissy Sullivan,Monster.com,Fully Meets
"Meads, Elizabeth",1409070245,Kelley Spirea,Diversity Job Fair,Fully Meets
"Medeiros, Jennifer",1109029256,Michael Albert,Monster.com,N/A- too early to review
"Motlagh,  Dawn",1102024121,Elijiah Gray,MBTA ads,Fully Meets
"Ndzi, Colombui",1204033041,Webster Butler,Diversity Job Fair,Fully Meets
"Ndzi, Horia",1204033041,Amy Dunn,Employee Referral,Fully Meets
"Newman, Richard",1302053044,Ketsia Liebig,On-campus Recruiting,Fully Meets
"Ngodup, Shari",1403066020,Brannon Miller,Diversity Job Fair,Exceeds
"Nguyen, Lei-Ming",1203032357,David Stanley,Vendor Referral,Fully Meets
"O'hare, Lynn",1206044851,Kissy Sullivan,Professional Society,PIP
"Osturnka, Adeel",1404066949,Kelley Spirea,On-campus Recruiting,Exceeds
"Owad, Clinton",1103024335,Michael Albert,MBTA ads,Needs Improvement
"Panjwani, Nina",1109029531,Elijiah Gray,Social Networks - Facebook Twitter etc,Fully Meets
"Pelech, Emil",1307060058,Webster Butler,Search Engine - Google Bing Yahoo,Needs Improvement
"Perry, Shakira",1109029186,Amy Dunn,MBTA ads,Fully Meets
"Peterson, Kayla",1307059944,Ketsia Liebig,Search Engine - Google Bing Yahoo,Fully Meets
"Pham, Hong",1305057440,Brannon Miller,Search Engine - Google Bing Yahoo,Fully Meets
"Pitt, Brad",1001735072,David Stanley,Search Engine - Google Bing Yahoo,Fully Meets
"Power, Morissa",1102024274,Kissy Sullivan,Social Networks - Facebook Twitter etc,N/A- too early to review
"Punjabhi, Louis",1401064562,Kelley Spirea,Employee Referral,Fully Meets
"Purinton, Janine",1011022926,Kissy Sullivan,Billboard,Fully Meets
"Rarrick, Quinn",1208048229,Michael Albert,Pay Per Click - Google,Fully Meets
"Rhoads, Thomas",1211050793,Elijiah Gray,Professional Society,Fully Meets
"Rivera, Haley",1405067642,Webster Butler,Search Engine - Google Bing Yahoo,Exceeds
"Robinson, Alain",1206038000,Amy Dunn,Glassdoor,Fully Meets
"Robinson, Cherly",1403065625,Ketsia Liebig,Glassdoor,Needs Improvement
"Robinson, Elias",1011022887,Brannon Miller,Employee Referral,Exceptional
"Rose, Ashley",710007555,David Stanley,Website Banner Ads,Fully Meets
"Rossetti, Bruno",1405067492,Kissy Sullivan,Search Engine - Google Bing Yahoo,Fully Meets
"Saar-Beckles, Melinda",1410070998,Kelley Spirea,Diversity Job Fair,N/A- too early to review
"Sadki, Nore",1308060535,Michael Albert,Word of Mouth,Fully Meets
"Sander, Kamrin",1302053362,Elijiah Gray,On-campus Recruiting,Fully Meets
"Sewkumar, Nori",807010161,Webster Butler,Search Engine - Google Bing Yahoo,Fully Meets
"Shields, Seffi",1205033102,Amy Dunn,Newspager/Magazine,Fully Meets
"Smith, Sade",1501071909,Ketsia Liebig,Employee Referral,Fully Meets
"Sparks, Taylor",1410071137,Brannon Miller,Billboard,PIP
"Squatrito, Kristen",1405067138,David Stanley,MBTA ads,Exceeds
"Stanford,Barbara  M",1111030244,Kissy Sullivan,Word of Mouth,Fully Meets
"Stoica, Rick",1106026896,Kelley Spirea,On-campus Recruiting,Fully Meets
"Sullivan, Timothy",1201031310,Michael Albert,Word of Mouth,90-day meets
"Sutwell, Barbara",1407069061,Elijiah Gray,Glassdoor,Fully Meets
"Tavares, Desiree",1405067501,Webster Butler,Diversity Job Fair,Fully Meets
"Theamstern, Sophia",1404066739,Amy Dunn,Billboard,N/A- too early to review
"Tinto, Theresa",1103024504,Ketsia Liebig,Social Networks - Facebook Twitter etc,90-day meets
"Tippett, Jeanette",1409070255,Brannon Miller,Billboard,Fully Meets
"Trang, Mei",1012023152,David Stanley,Professional Society,N/A- too early to review
"Veera, Abdellah",1203032235,Kissy Sullivan,Information Session,Exceeds
"Volk, Colleen",1011022814,Kelley Spirea,Social Networks - Facebook Twitter etc,Exceeds
"Von Massenbach, Anna",1106026474,Michael Albert,Newspager/Magazine,N/A- too early to review
"Wallace, Theresa",1101023619,Elijiah Gray,Monster.com,Needs Improvement
"Whittier, Scott",1307060212,Webster Butler,Newspager/Magazine,90-day meets
"Wilber, Barry",1101023839,Amy Dunn,Website Banner Ads,Fully Meets
"Williams, Jacquelyn",1308060671,Ketsia Liebig,Diversity Job Fair,Fully Meets
"Ybarra, Catherine",1001268402,Brannon Miller,Search Engine - Google Bing Yahoo,PIP
"Zima, Colleen",1211051232,David Stanley,On-campus Recruiting,Fully Meets
"Akinkuolie, Sarah",1005019209,Kissy Sullivan,Newspager/Magazine,90-day meets
"Beak, Kimberly",1303054329,Kelley Spirea,Employee Referral,Exceeds
"Blount, Dianna",1403066125,Michael Albert,Monster.com,Needs Improvement
"Bondwell, Betsy",1008021030,Elijiah Gray,Search Engine - Google Bing Yahoo,90-day meets
"Buccheri, Joseph",1101023457,Webster Butler,Word of Mouth,Fully Meets
"Burke, Joelle",1011022820,Amy Dunn,Employee Referral,Fully Meets
"Burkett, Benjamin",1301052449,Ketsia Liebig,Careerbuilder,Fully Meets
"Cloninger, Jennifer",1012023226,Brannon Miller,Word of Mouth,90-day meets
"Close, Phil",1209048697,David Stanley,Other,Fully Meets
"Davis, Daniel",1201031274,Kissy Sullivan,Newspager/Magazine,90-day meets
"Demita, Carla",1104025179,Kelley Spirea,Search Engine - Google Bing Yahoo,Fully Meets
"Erilus, Angela",1105025661,Michael Albert,Pay Per Click - Google,PIP
"Faller, Megan",1108028428,Elijiah Gray,Professional Society,Fully Meets
"Fancett, Nicole",1402065085,Webster Butler,Newspager/Magazine,Fully Meets
"Fitzpatrick, Michael  J",1109029103,Amy Dunn,Social Networks - Facebook Twitter etc,Fully Meets
"Foreman, Tanya",1012023204,Ketsia Liebig,Word of Mouth,Fully Meets
"Gonzalez, Juan",1411071324,Brannon Miller,Diversity Job Fair,PIP
"Good, Susan",1001549006,David Stanley,Professional Society,Fully Meets
"Gosciminski, Phylicia",1108028351,Kissy Sullivan,Word of Mouth,Fully Meets
"Hankard, Earnest",1307059937,Kelley Spirea,Newspager/Magazine,Fully Meets
"Hendrickson, Trina",1011022932,Kelley Spirea,Monster.com,Fully Meets
"Homberger, Adrienne  J",1207046956,Michael Albert,Glassdoor,Fully Meets
"Hunts, Julissa",1106026433,Elijiah Gray,Vendor Referral,N/A- too early to review
"Hutter, Rosalie",1103024924,Webster Butler,Other,N/A- too early to review
"Huynh, Ming",1306058509,Amy Dunn,Search Engine - Google Bing Yahoo,Fully Meets
"Jeannite, Tayana",1008020942,Ketsia Liebig,MBTA ads,Exceeds
"Johnston, Yen",1306057810,Brannon Miller,Professional Society,Exceptional
"Langford, Lindsey",1010022030,David Stanley,Glassdoor,Fully Meets
"Latif, Mohammed",1104025486,Kissy Sullivan,Word of Mouth,Fully Meets
"Linden, Mathew",1405067565,Kelley Spirea,Information Session,Fully Meets
"Lundy, Susan",1305056276,Michael Albert,On-campus Recruiting,N/A- too early to review
"Lunquist, Lisa",1001504432,Elijiah Gray,Glassdoor,Exceeds
"Manchester, Robyn",1110029623,Webster Butler,Vendor Referral,N/A- too early to review
"Mancuso, Karen",1304055986,Amy Dunn,Newspager/Magazine,N/A- too early to review
"McCarthy, Brigit",1406067957,Ketsia Liebig,Newspager/Magazine,N/A- too early to review
"Miller, Ned",1205033439,Brannon Miller,MBTA ads,PIP
"Monkfish, Erasumus",1404066711,David Stanley,Professional Society,Fully Meets
"Monterro, Luisa",1001103149,Kissy Sullivan,Billboard,Exceptional
"Moran, Patrick",1408069503,Kelley Spirea,Diversity Job Fair,Fully Meets
"Moumanil, Maliki",1301052436,Michael Albert,On-campus Recruiting,Fully Meets
"Nowlan, Kristie",1104025435,Elijiah Gray,Glassdoor,Fully Meets
"Oliver, Brooke",1001856521,Webster Butler,Newspager/Magazine,90-day meets
"Pelletier, Ermine",1202031821,Amy Dunn,Monster.com,N/A- too early to review
"Peters, Lauren",1411071406,Ketsia Liebig,Pay Per Click - Google,Exceeds
"Petingill, Shana",1103024843,Brannon Miller,MBTA ads,Fully Meets
"Roberson, May",1402065340,David Stanley,Search Engine - Google Bing Yahoo,N/A- too early to review
"Robertson, Peter",1499902991,Kissy Sullivan,Glassdoor,Fully Meets
"Sahoo, Adil",1106026462,Kelley Spirea,Monster.com,Fully Meets
"Sloan, Constance",1012023103,Michael Albert,Monster.com,Fully Meets
"Smith, Joe",1001970770,Elijiah Gray,Pay Per Click - Google,Exceeds
"Tejeda, Lenora",1406068345,Elijiah Gray,Search Engine - Google Bing Yahoo,Fully Meets
"Thibaud, Kenneth",1011022777,Webster Butler,Pay Per Click - Google,Fully Meets
"Trzeciak, Cybil",1107027551,Amy Dunn,Vendor Referral,Fully Meets
"Walker, Roger",1011022818,Ketsia Liebig,Employee Referral,Fully Meets
"Winthrop, Jordan",1405067188,Brannon Miller,Professional Society,Exceeds
"Wolk, Hang  T",1205033180,David Stanley,Newspager/Magazine,Fully Meets
"Woodson, Jason",1012023010,Kissy Sullivan,Vendor Referral,Fully Meets
"Buck, Edward",1504073313,Lynn Daneault,Employee Referral,Fully Meets
"Bunbury, Jessica",1504073368,John Smith,Social Networks - Facebook Twitter etc,Fully Meets
"Carter, Michelle",1403065721,John Smith,Billboard,Fully Meets
"Costa, Latia",1409070567,Lynn Daneault,Other,Exceeds
"Dietrich, Jenna",1408069481,John Smith,Website Banner Ads,PIP
"Digitale, Alfred",1306059197,John Smith,Pay Per Click - Google,Fully Meets
"Friedman, Gerry",1204032843,Lynn Daneault,Monster.com,Fully Meets
"Gill, Whitney",1302053046,John Smith,Diversity Job Fair,Fully Meets
"Givens, Myriam",1203032099,John Smith,Monster.com,Fully Meets
"Gonzales, Ricardo",1411071481,Lynn Daneault,Pay Per Click - Google,90-day meets
"Guilianno, Mike",1001167253,John Smith,Monster.com,Fully Meets
Jeremy Prater,1001084890,John Smith,Newspager/Magazine,Fully Meets
"Khemmich, Bartholemew",1104025008,Lynn Daneault,Website Banner Ads,PIP
"Leruth, Giovanni",1412071660,Lynn Daneault,Pay Per Click - Google,Fully Meets
"Martins, Joseph",1209048771,John Smith,Website Banner Ads,Fully Meets
"McKinzie, Jac",1209049326,Lynn Daneault,Employee Referral,Fully Meets
"Mullaney, Howard",1306057978,Lynn Daneault,Website Banner Ads,N/A- too early to review
"Nguyen, Dheepa",1111030684,John Smith,Internet Search,Needs Improvement
"Onque, Jasmine",1501072180,Lynn Daneault,Pay Per Click - Google,Fully Meets
"Ozark, Travis",812011761,Lynn Daneault,Pay Per Click - Google,Fully Meets
"Potts, Xana",1102024106,John Smith,Website Banner Ads,90-day meets
"Riordan, Michael",1502072711,Lynn Daneault,Website Banner Ads,Fully Meets
"Strong, Caitrin",1411071295,Lynn Daneault,Billboard,Exceeds
"Terry, Sharlene",1401064637,John Smith,Professional Society,Fully Meets
"Valentin,Jackie",1312063714,Lynn Daneault,Monster.com,Fully Meets
"Villanueva, Noah",1111030503,John Smith,Other,Fully Meets
"Houlihan, Debra",1009021646,John Smith,Website Banner Ads,Fully Meets
"Daneault, Lynn",1402065303,Janet King,MBTA ads,Fully Meets
"Kampew, Donysha",1109029264,Debra Houlihan,Pay Per Click - Google,Fully Meets
"Smith, John",1499902910,Debra Houlihan,Social Networks - Facebook Twitter etc,Fully Meets
"Andreola, Colby",1107027358,Debra Houlihan,Diversity Job Fair,Needs Improvement
"Carabbio, Judith",1101023577,Alex Sweetwater,Vendor Referral,Fully Meets
"Del Bosque, Keyla",1203032498,Alex Sweetwater,Pay Per Click - Google,90-day meets
"Exantus, Susan",1401064670,Alex Sweetwater,Monster.com,90-day meets
"Martin, Sandra",1303054625,Alex Sweetwater,Billboard,Needs Improvement
"Patronick, Luke",1112030979,Alex Sweetwater,Search Engine - Google Bing Yahoo,Fully Meets
"Saada, Adell",1012023185,Alex Sweetwater,Diversity Job Fair,Exceeds
"Szabo, Andrew",1201031324,Alex Sweetwater,Pay Per Click - Google,Fully Meets
"True, Edward",1102024057,Alex Sweetwater,MBTA ads,Exceptional
"Sweetwater, Alex",1001644719,Alex Sweetwater,Diversity Job Fair,Fully Meets