Employee_Name,Race_Desc,Reason_for_Term,Employment_Status,Department,Position,Pay,Experience,Manager_Name,Performance_Score
"Pelletier, Ermine",Asian,unhappy,Voluntarily Terminated,Production,Production Technician II,28.00,31,Amy Dunn,N/A- too early to review
"Stanley, David ",White,N/A - still employed,Active,Production,Production Manager,53.00,35,Elisa Bramante,Needs Improvement
"Liebig, Ketsia",White,N/A - still employed,Active,Production,Production Manager,55.00,31,Elisa Bramante,Exceeds
"Monkfish, Erasumus  ",White,N/A - still employed,Active,Production,Production Technician II,27.00,31,David Stanley,Fully Meets
"Homberger, Adrienne  J",White,relocation out of area,Voluntarily Terminated,Production,Production Technician II,28.00,35,Michael Albert,Fully Meets
"Latif, Mohammed",White,more money,Voluntarily Terminated,Production,Production Technician II,28.00,32,Kissy Sullivan,Fully Meets
"Akinkuolie, Sarah",White,hours,Voluntarily Terminated,Production,Production Technician II,29.00,31,Kissy Sullivan,90-day meets
"Winthrop, Jordan  ",White,retiring,Voluntarily Terminated,Production,Production Technician II,29.00,35,Brannon Miller,Exceeds
"Spirea, Kelley",White,N/A - still employed,Active,Production,Production Manager,52.00,31,Elisa Bramante,Fully Meets
"Miller, Brannon",Hispanic,N/A - still employed,Active,Production,Production Manager,53.00,33,Elisa Bramante,Fully Meets
"Sweetwater, Alex",White,N/A - still employed,Active,Production,Production Technician II,27.00,32,Michael Albert,Fully Meets
"Hutter, Rosalie",White,N/A - Has not started yet,Future Start,Production,Production Technician II,28.00,33,Webster Butler,N/A- too early to review
"Sahoo, Adil",White,N/A - still employed,Active,Production,Production Technician II,29.00,32,Kelley Spirea,Fully Meets
"Bozzi, Charles",Asian,retiring,Voluntarily Terminated,Production,Production Manager,50.50,30,Elisa Bramante,Fully Meets
"Peters, Lauren",White,more money,Voluntarily Terminated,Production,Production Technician II,29.00,32,Ketsia Liebig,Exceeds
"Wallace, Courtney  E",Black or African American,Another position,Voluntarily Terminated,Production,Production Manager,33.50,33,Elisa Bramante,Fully Meets
"Immediato, Walter",Asian,unhappy,Voluntarily Terminated,Production,Production Manager,42.00,35,Elisa Bramante,Needs Improvement
"Hogland, Jonathan ",White,attendance,Terminated for Cause,Production,Production Manager,48.00,34,Elisa Bramante,Fully Meets
"Dunn, Amy  ",White,N/A - still employed,Active,Production,Production Manager,51.00,31,Elisa Bramante,Fully Meets
"Gray, Elijiah  ",White,N/A - still employed,Active,Production,Production Manager,54.00,30,Elisa Bramante,Fully Meets
"Tejeda, Lenora ",White,Another position,Voluntarily Terminated,Production,Production Technician II,28.75,32,Elijiah Gray,Fully Meets
"Gonzalez, Juan",Black or African American,career change,Voluntarily Terminated,Production,Production Technician II,29.00,30,Brannon Miller,PIP
"Peterson, Ebonee  ",White,Another position,Voluntarily Terminated,Production,Production Manager,38.00,34,Elisa Bramante,Fully Meets
"Butler, Webster  L",White,N/A - still employed,Active,Production,Production Manager,55.00,32,Elisa Bramante,Exceeds
"Sullivan, Kissy ",Black or African American,N/A - still employed,Active,Production,Production Manager,55.00,31,Elisa Bramante,Fully Meets
"Robertson, Peter",White,Another position,Voluntarily Terminated,Production,Production Technician II,22.00,30,Kissy Sullivan,Fully Meets
"Wolk, Hang  T",White,N/A - still employed,Active,Production,Production Technician II,22.00,25,David Stanley,Fully Meets
"Jeannite, Tayana",American Indian or Alaska Native,N/A - still employed,Active,Production,Production Technician II,22.50,27,Ketsia Liebig,Exceeds
"King, Janet",White,N/A - still employed,Active,Production,Production Technician I,23.00,30,Elijiah Gray,Fully Meets
"Whittier, Scott",White,hours,Voluntarily Terminated,Production,Production Technician I,23.00,25,Webster Butler,90-day meets
"Mancuso, Karen",Two or more races,Another position,Voluntarily Terminated,Production,Production Technician II,23.00,28,Amy Dunn,N/A- too early to review
"Sloan, Constance",White,maternity leave - did not return,Voluntarily Terminated,Production,Production Technician II,23.00,28,Michael Albert,Fully Meets
"Kirill, Alexandra  ",White,more money,Voluntarily Terminated,Production,Production Technician I,24.00,30,Amy Dunn,Fully Meets
"Foreman, Tanya",White,career change,Voluntarily Terminated,Production,Production Technician II,24.00,30,Ketsia Liebig,Fully Meets
"Hankard, Earnest",White,N/A - still employed,Active,Production,Production Technician II,24.00,28,Kelley Spirea,Fully Meets
"Lundy, Susan",White,more money,Voluntarily Terminated,Production,Production Technician II,24.00,26,Michael Albert,N/A- too early to review
"Burke, Joelle",Black or African American,N/A - still employed,Active,Production,Production Technician II,25.00,25,Amy Dunn,Fully Meets
"Davis, Daniel",Two or more races,N/A - still employed,Active,Production,Production Technician II,25.00,28,Kissy Sullivan,90-day meets
"Miller, Ned",White,unhappy,Voluntarily Terminated,Production,Production Technician II,25.00,28,Brannon Miller,PIP
"McCarthy, Brigit",White,N/A - still employed,Active,Production,Production Technician II,26.00,29,Ketsia Liebig,N/A- too early to review
"Nowlan, Kristie",White,N/A - still employed,Active,Production,Production Technician II,26.39,25,Elijiah Gray,Fully Meets
"Gosciminski, Phylicia  ",American Indian or Alaska Native,N/A - still employed,Leave of Absence,Production,Production Technician II,27.00,28,Kissy Sullivan,Fully Meets
"Demita, Carla",Black or African American,more money,Voluntarily Terminated,Production,Production Technician II,29.00,34,Kelley Spirea,Fully Meets
"Fitzpatrick, Michael  J",White,hours,Voluntarily Terminated,Production,Production Technician II,29.00,31,Amy Dunn,Fully Meets
"Moumanil, Maliki ",Black or African American,N/A - still employed,Active,Production,Production Technician II,29.00,31,Michael Albert,Fully Meets
"Albert, Michael  ",White,N/A - still employed,Active,Production,Production Manager,54.50,31,Elisa Bramante,Fully Meets
"Trzeciak, Cybil",White,unhappy,Voluntarily Terminated,Production,Production Technician II,22.00,26,Amy Dunn,Fully Meets
"Huynh, Ming",White,unhappy,Voluntarily Terminated,Production,Production Technician II,23.00,26,Amy Dunn,Fully Meets
"Fidelia,  Libby",White,N/A - still employed,Active,Production,Production Technician I,24.00,25,Brannon Miller,Fully Meets
"Robinson, Alain  ",Black or African American,attendance,Voluntarily Terminated,Production,Production Technician I,24.00,30,Amy Dunn,Fully Meets
"Hunts, Julissa",White,N/A - Has not started yet,Future Start,Production,Production Technician II,25.00,26,Elijiah Gray,N/A- too early to review
"Oliver, Brooke ",Asian,unhappy,Voluntarily Terminated,Production,Production Technician II,25.00,27,Webster Butler,90-day meets
"Moran, Patrick",Hispanic,N/A - still employed,Leave of Absence,Production,Production Technician II,26.00,28,Kelley Spirea,Fully Meets
"Blount, Dianna",White,N/A - still employed,Active,Production,Production Technician II,27.00,30,Michael Albert,Needs Improvement
"Faller, Megan ",Black or African American,N/A - still employed,Active,Production,Production Technician II,27.00,27,Elijiah Gray,Fully Meets
"Anderson, Linda  ",White,N/A - still employed,Active,Production,Production Technician I,23.00,30,Amy Dunn,Exceptional
"Mckenna, Sandy",Black or African American,N/A - still employed,Active,Production,Production Technician I,24.00,27,Kissy Sullivan,Fully Meets
"Erilus, Angela",White,N/A - still employed,Active,Production,Production Technician II,24.00,27,Michael Albert,PIP
"Cloninger, Jennifer",White,unhappy,Voluntarily Terminated,Production,Production Technician II,25.00,27,Brannon Miller,90-day meets
"Burkett, Benjamin ",White,N/A - still employed,Active,Production,Production Technician II,26.00,27,Ketsia Liebig,Fully Meets
"Beak, Kimberly  ",White,N/A - Has not started yet,Future Start,Production,Production Technician II,27.00,29,Kelley Spirea,Exceeds
"Smith, Joe",White,N/A - still employed,Active,Production,Production Technician II,22.00,25,Elijiah Gray,Exceeds
"Walker, Roger",Black or African American,N/A - still employed,Active,Production,Production Technician II,22.00,28,Ketsia Liebig,Fully Meets
"Mangal, Debbie",White,N/A - still employed,Active,Production,Production Technician I,23.00,25,Brannon Miller,Fully Meets
"Gaul, Barbara",Black or African American,N/A - still employed,Active,Production,Production Technician I,24.00,28,Kelley Spirea,Fully Meets
"Hendrickson, Trina",White,hours,Voluntarily Terminated,Production,Production Technician II,24.00,30,Kelley Spirea,Fully Meets
"Johnston, Yen",White,N/A - still employed,Active,Production,Production Technician II,25.00,30,Brannon Miller,Exceptional
"Bondwell, Betsy",White,career change,Voluntarily Terminated,Production,Production Technician II,26.00,27,Elijiah Gray,90-day meets
"Close, Phil",White,career change,Voluntarily Terminated,Production,Production Technician II,26.00,25,David Stanley,Fully Meets
"Petingill, Shana  ",Asian,N/A - still employed,Active,Production,Production Technician II,26.00,27,Brannon Miller,Fully Meets
"Ferreira, Violeta",White,N/A - still employed,Active,Production,Production Technician I,23.00,30,Ketsia Liebig,Fully Meets
"Manchester, Robyn",White,N/A - Has not started yet,Future Start,Production,Production Technician II,23.00,28,Webster Butler,N/A- too early to review
"Pelech, Emil",Black or African American,career change,Voluntarily Terminated,Production,Production Technician I,24.00,29,Webster Butler,Needs Improvement
"Tippett, Jeanette",Black or African American,N/A - still employed,Active,Production,Production Technician I,24.00,25,Brannon Miller,Fully Meets
"Good, Susan",White,N/A - still employed,Leave of Absence,Production,Production Technician II,24.25,28,David Stanley,Fully Meets
"Woodson, Jason",White,N/A - still employed,Active,Production,Production Technician II,24.25,28,Kissy Sullivan,Fully Meets
"Smith, Sade",White,N/A - still employed,Active,Production,Production Technician I,24.50,30,Ketsia Liebig,Fully Meets
"Clukey, Elijian",White,N/A - Has not started yet,Future Start,Production,Production Technician I,24.75,28,Brannon Miller,Exceeds
"Roberson, May",White,return to school,Voluntarily Terminated,Production,Production Technician II,26.00,25,David Stanley,N/A- too early to review
"Sullivan, Timothy",White,N/A - still employed,Active,Production,Production Technician I,19.00,23,Michael Albert,90-day meets
"Adinolfi, Wilson  K",White,N/A - still employed,Active,Production,Production Technician I,20.00,15,Michael Albert,Exceeds
"Kinsella, Kathleen  ",White,more money,Voluntarily Terminated,Production,Production Technician I,22.00,22,Webster Butler,90-day meets
"Trang, Mei",White,N/A - still employed,Active,Production,Production Technician I,22.00,18,David Stanley,N/A- too early to review
"Linden, Mathew",White,N/A - still employed,Leave of Absence,Production,Production Technician II,22.00,26,Kelley Spirea,Fully Meets
"Thibaud, Kenneth",White,military,Voluntarily Terminated,Production,Production Technician II,23.00,28,Webster Butler,Fully Meets
"DeGweck,  James",White,unhappy,Voluntarily Terminated,Production,Production Technician I,23.50,30,Webster Butler,Fully Meets
"Goyal, Roxana",Asian,N/A - still employed,Leave of Absence,Production,Production Technician I,24.00,29,Kissy Sullivan,Fully Meets
"Handschiegl, Joanne",White,N/A - still employed,Active,Production,Production Technician I,24.00,26,Michael Albert,Fully Meets
"Fancett, Nicole",Black or African American,N/A - still employed,Active,Production,Production Technician II,24.00,30,Webster Butler,Fully Meets
"Monterro, Luisa",Black or African American,N/A - still employed,Active,Production,Production Technician II,25.00,28,Kissy Sullivan,Exceptional
"Heitzman, Anthony",White,N/A - still employed,Active,Production,Production Technician I,19.00,18,Ketsia Liebig,90-day meets
"Jhaveri, Sneha  ",White,N/A - still employed,Active,Production,Production Technician I,19.00,18,Kelley Spirea,Fully Meets
"Crimmings,   Jean",White,N/A - Has not started yet,Future Start,Production,Production Technician I,19.75,22,Michael Albert,N/A- too early to review
"Lydon, Allison",Black or African American,N/A - still employed,Leave of Absence,Production,Production Technician I,20.00,17,Elijiah Gray,90-day meets
"Maurice, Shana",White,N/A - still employed,Active,Production,Production Technician I,20.00,19,David Stanley,90-day meets
"Medeiros, Jennifer",White,N/A - still employed,Active,Production,Production Technician I,20.00,17,Michael Albert,N/A- too early to review
"Dickinson, Geoff ",White,N/A - still employed,Active,Production,Production Technician I,21.00,23,Ketsia Liebig,Fully Meets
"Jacobi, Hannah  ",White,N/A - still employed,Active,Production,Production Technician I,21.00,16,Kissy Sullivan,Fully Meets
"Gerke, Melisa",White,hours,Voluntarily Terminated,Production,Production Technician I,22.00,15,Elijiah Gray,N/A- too early to review
"Owad, Clinton",Black or African American,N/A - still employed,Active,Production,Production Technician I,22.00,15,Michael Albert,Needs Improvement
"Rivera, Haley  ",Asian,N/A - still employed,Active,Production,Production Technician I,22.00,22,Webster Butler,Exceeds
"Leach, Dallas",Asian,return to school,Voluntarily Terminated,Production,Production Technician I,19.00,20,Kissy Sullivan,Fully Meets
"Chan, Lin",White,N/A - still employed,Active,Production,Production Technician I,19.50,21,Elijiah Gray,Fully Meets
"Brill, Donna",White,Another position,Voluntarily Terminated,Production,Production Technician I,20.00,18,David Stanley,Fully Meets
"Alagbe,Trina",White,N/A - still employed,Active,Production,Production Technician I,21.00,18,Elijiah Gray,Fully Meets
"Harrell, Ludwick",Asian,N/A - still employed,Active,Production,Production Technician I,21.00,18,Elijiah Gray,Fully Meets
"Volk, Colleen",White,gross misconduct,Terminated for Cause,Production,Production Technician I,21.00,22,Kelley Spirea,Exceeds
"Wilber, Barry",White,unhappy,Voluntarily Terminated,Production,Production Technician I,21.00,23,Amy Dunn,Fully Meets
"Athwal, Sam",White,N/A - still employed,Active,Production,Production Technician I,22.00,15,Ketsia Liebig,N/A- too early to review
"DiNocco, Lily ",Black or African American,N/A - still employed,Active,Production,Production Technician I,22.00,22,Brannon Miller,Needs Improvement
"Ndzi, Horia",White,more money,Voluntarily Terminated,Production,Production Technician I,22.00,16,Amy Dunn,Fully Meets
"Perry, Shakira",White,medical issues,Voluntarily Terminated,Production,Production Technician I,22.00,20,Amy Dunn,Fully Meets
"Lynch, Lindsay",Two or more races,Another position,Voluntarily Terminated,Production,Production Technician I,19.00,22,Webster Butler,Exceeds
"Desimone, Carl ",White,N/A - still employed,Active,Production,Production Technician I,20.00,22,Amy Dunn,PIP
"Ferguson, Susan",White,military,Voluntarily Terminated,Production,Production Technician I,20.00,21,Webster Butler,Fully Meets
"Newman, Richard ",White,N/A - still employed,Leave of Absence,Production,Production Technician I,21.00,15,Ketsia Liebig,Fully Meets
"Rarrick, Quinn",White,more money,Voluntarily Terminated,Production,Production Technician I,21.00,15,Michael Albert,Fully Meets
"Barbara, Thomas",Asian,unhappy,Voluntarily Terminated,Production,Production Technician I,22.00,22,Kissy Sullivan,90-day meets
"Langford, Lindsey",Asian,Another position,Voluntarily Terminated,Production,Production Technician II,22.00,20,David Stanley,Fully Meets
"Nguyen, Lei-Ming",White,N/A - still employed,Active,Production,Production Technician I,19.00,24,David Stanley,Fully Meets
"Power, Morissa",Asian,Another position,Voluntarily Terminated,Production,Production Technician I,19.00,16,Kissy Sullivan,N/A- too early to review
"Bugali, Josephine ",Black or African American,N/A - still employed,Leave of Absence,Production,Production Technician I,20.00,16,Kissy Sullivan,Fully Meets
"Carey, Michael  ",Black or African American,N/A - still employed,Active,Production,Production Technician I,20.00,16,Kelley Spirea,Fully Meets
"Rhoads, Thomas",White,retiring,Voluntarily Terminated,Production,Production Technician I,20.00,21,Elijiah Gray,Fully Meets
"Buccheri, Joseph  ",White,N/A - still employed,Active,Production,Production Technician II,22.00,21,Webster Butler,Fully Meets
"Saar-Beckles, Melinda",Black or African American,N/A - Has not started yet,Future Start,Production,Production Technician I,20.00,24,Kelley Spirea,N/A- too early to review
"Sander, Kamrin",Black or African American,N/A - still employed,Active,Production,Production Technician I,21.00,19,Elijiah Gray,Fully Meets
"Cierpiszewski, Caroline  ",Black or African American,N/A - still employed,Active,Production,Production Technician I,22.00,19,Ketsia Liebig,Fully Meets
"Veera, Abdellah ",White,maternity leave - did not return,Voluntarily Terminated,Production,Production Technician I,19.00,21,Kissy Sullivan,Exceeds
"Harrison, Kara",White,N/A - still employed,Active,Production,Production Technician I,20.00,21,Amy Dunn,Exceeds
"Theamstern, Sophia",White,return to school,Voluntarily Terminated,Production,Production Technician I,20.00,17,Amy Dunn,N/A- too early to review
"Tinto, Theresa  ",White,Another position,Voluntarily Terminated,Production,Production Technician I,20.00,25,Ketsia Liebig,90-day meets
"Kretschmer, John",Asian,N/A - still employed,Active,Production,Production Technician I,21.00,21,Brannon Miller,Fully Meets
"Engdahl, Jean",White,N/A - still employed,Active,Production,Production Technician I,21.25,21,Kelley Spirea,Fully Meets
"Stoica, Rick",Asian,N/A - still employed,Active,Production,Production Technician I,22.00,20,Kelley Spirea,Fully Meets
"Harrington, Christie ",White,retiring,Voluntarily Terminated,Production,Production Technician I,19.75,23,Webster Butler,Fully Meets
"England, Rex",White,N/A - still employed,Active,Production,Production Technician I,21.00,19,Kelley Spirea,90-day meets
"Jung, Judy  ",White,unhappy,Voluntarily Terminated,Production,Production Technician I,21.00,22,Elijiah Gray,90-day meets
"Sadki, Nore  ",White,relocation out of area,Voluntarily Terminated,Production,Production Technician I,21.00,18,Michael Albert,Fully Meets
"Bachiochi, Linda",Two or more races,N/A - still employed,Leave of Absence,Production,Production Technician I,22.00,16,Brannon Miller,Fully Meets
"Von Massenbach, Anna",White,N/A - Has not started yet,Future Start,Production,Production Technician I,20.00,21,Michael Albert,N/A- too early to review
"Squatrito, Kristen",White,unhappy,Voluntarily Terminated,Production,Production Technician I,21.00,24,David Stanley,Exceeds
"Beatrice, Courtney ",White,N/A - still employed,Active,Production,Production Technician I,22.00,17,Elijiah Gray,Fully Meets
"Keatts, Kramer ",White,N/A - still employed,Active,Production,Production Technician I,19.00,21,Michael Albert,Fully Meets
"Biden, Lowan  M",Asian,N/A - still employed,Active,Production,Production Technician I,22.00,16,Ketsia Liebig,Fully Meets
"Chang, Donovan  E",White,N/A - still employed,Active,Production,Production Technician I,22.00,18,Webster Butler,Fully Meets
"Ybarra, Catherine ",Asian,Another position,Voluntarily Terminated,Production,Production Technician I,22.00,20,Brannon Miller,PIP
"Chace, Beatrice ",White,N/A - still employed,Active,Production,Production Technician I,16.00,11,Michael Albert,Fully Meets
"Punjabhi, Louis  ",White,N/A - still employed,Active,Production,Production Technician I,16.00,11,Kelley Spirea,Fully Meets
"Rose, Ashley  ",White,N/A - still employed,Active,Production,Production Technician I,17.00,13,David Stanley,Fully Meets
"Ndzi, Colombui",Black or African American,return to school,Voluntarily Terminated,Production,Production Technician I,18.00,11,Webster Butler,Fully Meets
"Panjwani, Nina",White,Another position,Voluntarily Terminated,Production,Production Technician I,18.00,12,Elijiah Gray,Fully Meets
"Jackson, Maryellen",White,N/A - still employed,Active,Production,Production Technician I,20.00,16,David Stanley,Fully Meets
"Chivukula, Enola",White,relocation out of area,Voluntarily Terminated,Production,Production Technician I,21.00,25,Amy Dunn,90-day meets
"Billis, Helen",White,N/A - still employed,Active,Production,Production Technician I,16.00,11,Brannon Miller,Exceeds
"Gonzalez, Cayo",American Indian or Alaska Native,N/A - still employed,Active,Production,Production Technician I,16.00,15,Brannon Miller,Exceeds
"Purinton, Janine",White,unhappy,Voluntarily Terminated,Production,Production Technician I,16.00,15,Kissy Sullivan,Fully Meets
"Mahoney, Lauren  ",White,N/A - still employed,Active,Production,Production Technician I,17.00,14,Ketsia Liebig,Fully Meets
"Peterson, Kayla ",White,N/A - still employed,Active,Production,Production Technician I,17.00,15,Ketsia Liebig,Fully Meets
"Barton, Nader",White,Another position,Voluntarily Terminated,Production,Production Technician I,18.00,12,Michael Albert,Fully Meets
"Pham, Hong",White,more money,Voluntarily Terminated,Production,Production Technician I,18.00,14,Brannon Miller,Fully Meets
"Robinson, Cherly",White,attendance,Terminated for Cause,Production,Production Technician I,16.00,12,Ketsia Liebig,Needs Improvement
"Sparks, Taylor  ",White,N/A - still employed,Active,Production,Production Technician I,16.00,10,Brannon Miller,PIP
"Baczenski, Rachael  ",Hispanic,Another position,Voluntarily Terminated,Production,Production Technician I,17.00,12,David Stanley,N/A- too early to review
"Eaton, Marianne",White,military,Voluntarily Terminated,Production,Production Technician I,17.00,12,Kissy Sullivan,Fully Meets
"Robinson, Elias",White,N/A - still employed,Active,Production,Production Technician I,17.00,12,Brannon Miller,Exceptional
"Garneau, Hamish",Asian,N/A - still employed,Active,Production,Production Technician I,18.00,12,Kissy Sullivan,Fully Meets
"Girifalco, Evelyn",Two or more races,N/A - still employed,Active,Production,Production Technician I,16.00,10,Amy Dunn,Exceeds
"Ivey, Rose ",White,N/A - still employed,Active,Production,Production Technician I,16.00,15,Brannon Miller,Fully Meets
"Dobrin, Denisa  S",White,N/A - still employed,Active,Production,Production Technician I,16.75,10,David Stanley,Fully Meets
"Barone, Francesco  A",Two or more races,N/A - still employed,Active,Production,Production Technician I,16.76,15,Kelley Spirea,Fully Meets
"Estremera, Miguel",White,attendance,Terminated for Cause,Production,Production Technician I,17.00,12,Michael Albert,Needs Improvement
"Gold, Shenice  ",White,N/A - still employed,Active,Production,Production Technician I,17.00,11,Ketsia Liebig,Fully Meets
"Johnson, George",White,more money,Voluntarily Terminated,Production,Production Technician I,17.00,13,Michael Albert,Exceeds
"Evensen, April",White,"no-call, no-show",Terminated for Cause,Production,Production Technician I,18.00,11,Elijiah Gray,N/A- too early to review
"Fernandes, Nilson  ",White,N/A - still employed,Active,Production,Production Technician I,18.00,10,Amy Dunn,N/A- too early to review
"O'hare, Lynn",Two or more races,performance,Terminated for Cause,Production,Production Technician I,18.50,14,Kissy Sullivan,PIP
"Osturnka, Adeel",White,N/A - still employed,Active,Production,Production Technician I,16.00,15,Kelley Spirea,Exceeds
"Langton, Enrico",White,N/A - still employed,Active,Production,Production Technician I,17.00,13,David Stanley,Fully Meets
"Pitt, Brad ",Black or African American,N/A - still employed,Active,Production,Production Technician I,17.00,13,David Stanley,Fully Meets
"Garcia, Raul",White,N/A - still employed,Active,Production,Production Technician I,19.00,13,David Stanley,N/A- too early to review
"Gentry, Mildred",Black or African American,N/A - still employed,Active,Production,Production Technician I,19.00,12,Michael Albert,N/A- too early to review
"Stanford,Barbara  M",Two or more races,N/A - still employed,Active,Production,Production Technician I,14.00,5,Kissy Sullivan,Fully Meets
"Cole, Spencer",Black or African American,performance,Terminated for Cause,Production,Production Technician I,15.00,10,Kissy Sullivan,Needs Improvement
"Gilles, Alex",Black or African American,military,Voluntarily Terminated,Production,Production Technician I,15.00,5,Webster Butler,Needs Improvement
"Linares, Marilyn ",White,unhappy,Voluntarily Terminated,Production,Production Technician I,15.25,7,Michael Albert,N/A- too early to review
"Williams, Jacquelyn  ",Two or more races,relocation out of area,Voluntarily Terminated,Production,Production Technician I,16.00,13,Ketsia Liebig,Fully Meets
"Becker, Scott",Asian,N/A - still employed,Leave of Absence,Production,Production Technician I,17.00,12,Webster Butler,Fully Meets
"Rossetti, Bruno",White,Another position,Voluntarily Terminated,Production,Production Technician I,18.00,13,Kissy Sullivan,Fully Meets
"Meads, Elizabeth",Black or African American,Another position,Voluntarily Terminated,Production,Production Technician I,14.00,7,Kelley Spirea,Fully Meets
"Motlagh,  Dawn",White,N/A - still employed,Active,Production,Production Technician I,15.00,7,Elijiah Gray,Fully Meets
"Cornett, Lisa ",White,N/A - still employed,Active,Production,Production Technician I,15.75,8,Kelley Spirea,90-day meets
"Anderson, Carol ",White,return to school,Voluntarily Terminated,Production,Production Technician I,16.00,6,Webster Butler,N/A- too early to review
"Lunquist, Lisa",Black or African American,N/A - still employed,Active,Production,Production Technician II,15.00,9,Elijiah Gray,Exceeds
"Gross, Paula",White,more money,Voluntarily Terminated,Production,Production Technician I,14.00,10,Kelley Spirea,Fully Meets
"Knapp, Bradley  J",Black or African American,N/A - still employed,Active,Production,Production Technician I,14.00,9,Ketsia Liebig,Fully Meets
"Shields, Seffi",White,N/A - still employed,Active,Production,Production Technician I,15.00,8,Amy Dunn,Fully Meets
"Tavares, Desiree  ",Two or more races,Another position,Voluntarily Terminated,Production,Production Technician I,15.00,7,Webster Butler,Fully Meets
"Wallace, Theresa",White,career change,Voluntarily Terminated,Production,Production Technician I,15.00,5,Elijiah Gray,Needs Improvement
"Sutwell, Barbara",Asian,N/A - still employed,Active,Production,Production Technician I,14.00,9,Elijiah Gray,Fully Meets
"Cockel, James",White,N/A - still employed,Active,Production,Production Technician I,15.00,10,David Stanley,Fully Meets
"Darson, Jene'ya ",White,N/A - still employed,Active,Production,Production Technician I,15.00,9,Elijiah Gray,Fully Meets
"Gordon, David",White,N/A - still employed,Active,Production,Production Technician I,15.00,8,David Stanley,Fully Meets
"LeBel, Jonathan  R",White,attendance,Terminated for Cause,Production,Production Technician I,15.00,7,Kelley Spirea,90-day meets
"Ngodup, Shari ",Asian,N/A - still employed,Active,Production,Production Technician I,15.00,8,Brannon Miller,Exceeds
"Bernstein, Sean",White,N/A - still employed,Active,Production,Production Technician I,16.00,10,Amy Dunn,Fully Meets
"MacLennan, Samuel",White,hours,Voluntarily Terminated,Production,Production Technician I,15.00,9,Amy Dunn,N/A- too early to review
"Zima, Colleen",Asian,N/A - still employed,Active,Production,Production Technician I,15.00,5,David Stanley,Fully Meets
"Sewkumar, Nori",Asian,N/A - still employed,Leave of Absence,Production,Production Technician I,15.20,9,Webster Butler,Fully Meets