Employee_Name,Abutments_Wk_1,Abutments_Wk_2,Daily_Error_Rate,Complaints
"Albert, Michael  ",0,0,0,0
"Bozzi, Charles",0,0,0,0
"Butler, Webster  L",0,0,0,0
"Dunn, Amy  ",0,0,0,0
"Gray, Elijiah  ",0,0,0,0
"Hogland, Jonathan ",0,0,0,0
"Immediato, Walter",0,0,0,0
"Liebig, Ketsia",0,0,0,0
"Miller, Brannon",0,0,0,0
"Peterson, Ebonee  ",0,0,0,0
"Spirea, Kelley",0,0,0,0
"Stanley, David ",0,0,0,0
"Sullivan, Kissy ",0,0,0,0
"Wallace, Courtney  E",0,0,0,0
"Adinolfi, Wilson  K",15,17,0,0
"Alagbe,Trina",8,10,1,0
"Anderson, Carol ",6,8,3,1
"Anderson, Linda  ",19,19,0,0
"Athwal, Sam",6,6,1,0
"Bachiochi, Linda",10,10,0,0
"Baczenski, Rachael  ",5,7,3,2
"Barbara, Thomas",5,8,0,0
"Barone, Francesco  A",10,10,0,0
"Barton, Nader",12,12,0,0
"Beatrice, Courtney ",9,10,1,0
"Becker, Scott",8,9,0,0
"Bernstein, Sean",10,12,1,0
"Biden, Lowan  M",12,13,1,0
"Billis, Helen",16,15,0,0
"Brill, Donna",9,10,1,1
"Bugali, Josephine ",13,15,1,0
"Carey, Michael  ",11,12,1,0
"Chace, Beatrice ",13,14,0,0
"Chan, Lin",13,13,0,0
"Chang, Donovan  E",8,10,1,0
"Chivukula, Enola",6,7,3,0
"Cierpiszewski, Caroline  ",12,14,1,0
"Clukey, Elijian",16,16,0,0
"Cockel, James",11,12,1,0
"Cole, Spencer",4,5,3,1
"Cornett, Lisa ",6,7,1,0
"Crimmings,   Jean",9,10,2,2
"Darson, Jene'ya ",11,12,1,0
"DeGweck,  James",13,15,1,0
"Desimone, Carl ",3,3,3,3
"Dickinson, Geoff ",13,12,0,0
"DiNocco, Lily ",5,2,4,2
"Dobrin, Denisa  S",13,14,1,1
"Eaton, Marianne",11,12,1,0
"Engdahl, Jean",10,12,1,0
"England, Rex",6,7,0,0
"Estremera, Miguel",4,5,3,2
"Evensen, April",5,4,2,0
"Ferguson, Susan",11,10,1,0
"Fernandes, Nilson  ",4,6,1,0
"Ferreira, Violeta",10,10,1,0
"Fidelia,  Libby",12,13,0,0
"Garcia, Raul",7,6,1,0
"Garneau, Hamish",9,8,0,0
"Gaul, Barbara",12,13,0,0
"Gentry, Mildred",5,8,2,0
"Gerke, Melisa",5,7,1,0
"Gilles, Alex",5,6,4,2
"Girifalco, Evelyn",16,18,0,0
"Gold, Shenice  ",13,12,1,0
"Gonzalez, Cayo",16,16,0,0
"Gordon, David",14,15,0,0
"Goyal, Roxana",11,10,0,0
"Gross, Paula",9,10,0,0
"Handschiegl, Joanne",11,12,1,0
"Harrell, Ludwick",10,11,0,0
"Harrington, Christie ",14,13,0,0
"Harrison, Kara",16,17,0,0
"Heitzman, Anthony",6,10,2,0
"Ivey, Rose ",12,15,2,0
"Jackson, Maryellen",8,10,2,1
"Jacobi, Hannah  ",11,12,1,0
"Jhaveri, Sneha  ",12,14,0,0
"Johnson, George",17,19,0,0
"Jung, Judy  ",7,9,3,0
"Keatts, Kramer ",15,14,1,1
"King, Janet",9,10,1,1
"Kinsella, Kathleen  ",5,7,3,0
"Kirill, Alexandra  ",12,14,2,0
"Knapp, Bradley  J",11,12,0,0
"Kretschmer, John",14,13,0,0
"Langton, Enrico",13,14,0,0
"Leach, Dallas",12,12,1,0
"LeBel, Jonathan  R",6,7,0,0
"Linares, Marilyn ",4,7,2,0
"Lydon, Allison",6,10,1,0
"Lynch, Lindsay",16,16,0,0
"MacLennan, Samuel",5,6,1,0
"Mahoney, Lauren  ",9,10,1,0
"Mangal, Debbie",9,10,1,0
"Maurice, Shana",8,8,4,0
"Mckenna, Sandy",12,10,0,0
"Meads, Elizabeth",9,11,1,0
"Medeiros, Jennifer",6,6,1,1
"Motlagh,  Dawn",9,10,1,1
"Ndzi, Colombui",12,11,0,0
"Ndzi, Horia",9,12,1,0
"Newman, Richard ",11,10,1,0
"Ngodup, Shari ",15,16,0,0
"Nguyen, Lei-Ming",9,10,0,0
"O'hare, Lynn",4,2,3,3
"Osturnka, Adeel",16,16,0,0
"Owad, Clinton",6,4,2,1
"Panjwani, Nina",11,10,0,0
"Pelech, Emil",5,4,2,1
"Perry, Shakira",14,14,0,0
"Peterson, Kayla ",10,9,0,0
"Pham, Hong",10,12,0,0
"Pitt, Brad ",5,7,3,1
"Power, Morissa",12,12,2,0
"Punjabhi, Louis  ",8,9,1,0
"Purinton, Janine",9,10,0,0
"Rarrick, Quinn",11,12,0,0
"Rhoads, Thomas",17,18,0,0
"Rivera, Haley  ",13,13,0,0
"Robinson, Alain  ",6,3,3,2
"Robinson, Cherly",17,19,0,0
"Robinson, Elias",10,13,1,0
"Rose, Ashley  ",9,10,1,0
"Rossetti, Bruno",5,6,2,0
"Saar-Beckles, Melinda",14,13,1,0
"Sadki, Nore  ",12,14,0,0
"Sander, Kamrin",9,12,0,2
"Sewkumar, Nori",12,12,0,0
"Shields, Seffi",9,10,1,1
"Smith, Sade",3,4,2,2
"Sparks, Taylor  ",16,15,0,0
"Squatrito, Kristen",9,10,1,1
"Stanford,Barbara  M",10,12,1,1
"Stoica, Rick",5,9,0,0
"Sullivan, Timothy",14,14,0,0
"Sutwell, Barbara",10,12,2,0
"Tavares, Desiree  ",6,7,2,0
"Theamstern, Sophia",5,9,1,0
"Tinto, Theresa  ",8,9,2,1
"Tippett, Jeanette",4,7,3,0
"Trang, Mei",15,16,0,0
"Veera, Abdellah ",16,15,0,0
"Volk, Colleen",5,5,1,0
"Von Massenbach, Anna",7,9,3,4
"Wallace, Theresa",7,8,4,1
"Whittier, Scott",14,13,0,0
"Wilber, Barry",9,12,1,0
"Williams, Jacquelyn  ",3,5,2,2
"Ybarra, Catherine ",10,10,0,0
"Zima, Colleen",9,10,2,0
"Akinkuolie, Sarah",17,17,0,0
"Beak, Kimberly  ",6,5,2,2
"Blount, Dianna",6,11,1,1
"Bondwell, Betsy",15,16,0,1
"Buccheri, Joseph  ",9,10,1,0
"Burke, Joelle",10,10,1,1
"Burkett, Benjamin ",7,8,0,1
"Cloninger, Jennifer",9,10,1,0
"Close, Phil",5,7,3,0
"Davis, Daniel",14,15,1,0
"Demita, Carla",4,5,3,3
"Erilus, Angela",13,13,1,0
"Faller, Megan ",15,18,0,0
"Fancett, Nicole",15,14,0,0
"Fitzpatrick, Michael  J",14,14,0,0
"Foreman, Tanya",3,1,3,3
"Gonzalez, Juan",12,10,1,0
"Good, Susan",14,15,1,1
"Gosciminski, Phylicia  ",12,12,1,0
"Hankard, Earnest",15,16,0,0
"Hendrickson, Trina",14,15,0,0
"Homberger, Adrienne  J",5,6,2,1